{
  "triumph:example/root": {
    "criteria": {
      "location": "2018-07-30 20:40:33 -0500"
    },
    "done": true
  },
  "triumph:example/example_break_block": {
    "criteria": {
      "brokeLog": "2018-07-30 20:45:51 -0500"
    },
    "done": true
  },
  "triumph:example/example_inventory_changed": {
    "criteria": {
      "hasStickOfTruth": "2018-07-30 20:45:06 -0500"
    },
    "done": true
  },
  "triumph:example/example_all_rewards": {
    "criteria": {
      "hasFlint": "2018-07-30 20:45:06 -0500"
    },
    "done": true
  },
  "triumph:example/example_left_click_block": {
    "criteria": {
      "clickedBlock": "2018-07-30 20:41:03 -0500"
    },
    "done": true
  },
  "triumph:vanilla/adventure/adventuring_time": {
    "criteria": {
      "jungle_hills": "2018-07-30 20:40:33 -0500",
      "jungle_edge": "2018-07-30 20:43:40 -0500",
      "jungle": "2018-07-30 20:41:00 -0500"
    },
    "done": false
  }
}