<galaxy>
	<star name="Sol" temp="100" x="0" y="0" size="1.0" numPlanets="0" numGasGiants="0">
		<planet name="Earth" DIMID="0" dimMapping="">
			<isKnown>true</isKnown>
			<fogColor>1.0,1.0,1.0</fogColor>
			<skyColor>1.0,1.0,1.0</skyColor>
			<gravitationalMultiplier>100</gravitationalMultiplier>
			<orbitalDistance>100</orbitalDistance>
			<orbitalPhi>0</orbitalPhi>
			<rotationalPeriod>24000</rotationalPeriod>
			<atmosphereDensity>100</atmosphereDensity>
			<planet name="Luna" DIMID="3">
				<isKnown>false</isKnown>
				<fogColor>1.0,1.0,1.0</fogColor>
				<skyColor>1.0,1.0,1.0</skyColor>
				<gravitationalMultiplier>16</gravitationalMultiplier>
				<orbitalDistance>150</orbitalDistance>
				<orbitalPhi>0</orbitalPhi>
				<rotationalPeriod>128000</rotationalPeriod>
				<atmosphereDensity>0</atmosphereDensity>
				<biomeIds>advancedrocketry:moon,advancedrocketry:moondark</biomeIds>
			</planet>
		</planet>
		<planet name="Sol-17" DIMID="17">
			<isKnown>false</isKnown>
			<fogColor>1.0,1.0,1.0</fogColor>
			<skyColor>0.8,0.96094203,0.058605015</skyColor>
			<gravitationalMultiplier>108</gravitationalMultiplier>
			<orbitalDistance>135</orbitalDistance>
			<orbitalPhi>5</orbitalPhi>
			<rotationalPeriod>19051</rotationalPeriod>
			<atmosphereDensity>200</atmosphereDensity>
			<biomeIds>advancedrocketry:hotdryrock</biomeIds>
			<planet name="Sol-17: 0" DIMID="18">
				<isKnown>false</isKnown>
				<fogColor>1.0,1.0,1.0</fogColor>
				<skyColor>0.19024241,0.9101565,1.0</skyColor>
				<gravitationalMultiplier>64</gravitationalMultiplier>
				<orbitalDistance>144</orbitalDistance>
				<orbitalPhi>1</orbitalPhi>
				<rotationalPeriod>91552</rotationalPeriod>
				<atmosphereDensity>28</atmosphereDensity>
				<biomeIds>thebetweenlands:sludge_plains,minecraft:mushroom_island_shore,biomesoplenty:kelp_forest,biomesoplenty:white_beach,biomesoplenty:rainforest</biomeIds>
			</planet>
			<planet name="Sol-17: 1" DIMID="19">
				<isKnown>false</isKnown>
				<fogColor>1.0,1.0,1.0</fogColor>
				<skyColor>0.5061555,0.5200571,1.0</skyColor>
				<gravitationalMultiplier>58</gravitationalMultiplier>
				<orbitalDistance>116</orbitalDistance>
				<orbitalPhi>0</orbitalPhi>
				<rotationalPeriod>116857</rotationalPeriod>
				<atmosphereDensity>35</atmosphereDensity>
				<biomeIds>twilightforest:dense_twilight_forest,biomesoplenty:coral_reef,biomesoplenty:chaparral,twilightforest:twilight_stream,biomesoplenty:fungi_forest</biomeIds>
			</planet>
			<oceanBlock>minecraft:lava</oceanBlock>
		</planet>
		<planet name="Sol-4" DIMID="4">
			<isKnown>false</isKnown>
			<GasGiant>true</GasGiant>
			<gas>nitrogen</gas>
			<gas>hydrogen</gas>
			<gas>oxygen</gas>
			<fogColor>1.0,1.0,1.0</fogColor>
			<skyColor>1.0,1.0,1.0</skyColor>
			<gravitationalMultiplier>93</gravitationalMultiplier>
			<orbitalDistance>200</orbitalDistance>
			<orbitalPhi>0</orbitalPhi>
			<rotationalPeriod>24000</rotationalPeriod>
			<atmosphereDensity>198</atmosphereDensity>
		</planet>
		<planet name="Sol-5" DIMID="5">
			<isKnown>false</isKnown>
			<fogColor>1.0,1.0,1.0</fogColor>
			<skyColor>0.8,0.72528565,0.0</skyColor>
			<gravitationalMultiplier>103</gravitationalMultiplier>
			<orbitalDistance>42</orbitalDistance>
			<orbitalPhi>-2</orbitalPhi>
			<rotationalPeriod>21963</rotationalPeriod>
			<atmosphereDensity>174</atmosphereDensity>
			<biomeIds>advancedrocketry:hotdryrock</biomeIds>
			<oceanBlock>minecraft:lava</oceanBlock>
		</planet>
		<planet name="Sol-21" DIMID="21">
			<isKnown>false</isKnown>
			<fogColor>1.0,1.0,1.0</fogColor>
			<skyColor>0.8,0.7631805,1.0</skyColor>
			<gravitationalMultiplier>95</gravitationalMultiplier>
			<orbitalDistance>161</orbitalDistance>
			<orbitalPhi>-1</orbitalPhi>
			<rotationalPeriod>27992</rotationalPeriod>
			<atmosphereDensity>111</atmosphereDensity>
			<biomeIds>biomesoplenty:wasteland,biomesoplenty:alps_foothills,minecraft:extreme_hills,thebetweenlands:coarse_islands,advancedrocketry:alien forest</biomeIds>
		</planet>
		<planet name="Sol-6" DIMID="6">
			<isKnown>false</isKnown>
			<fogColor>1.0,1.0,1.0</fogColor>
			<skyColor>0.8,0.64422333,0.8279581</skyColor>
			<gravitationalMultiplier>94</gravitationalMultiplier>
			<orbitalDistance>110</orbitalDistance>
			<orbitalPhi>0</orbitalPhi>
			<rotationalPeriod>28895</rotationalPeriod>
			<atmosphereDensity>93</atmosphereDensity>
			<biomeIds>biomesoplenty:coral_reef,thebetweenlands:coarse_islands,biomesoplenty:bamboo_forest,twilightforest:highlands_center,minecraft:jungle</biomeIds>
		</planet>
		<planet name="Sol-22" DIMID="22">
			<isKnown>false</isKnown>
			<fogColor>1.0,1.0,1.0</fogColor>
			<skyColor>0.8,0.8121889,0.95994705</skyColor>
			<gravitationalMultiplier>130</gravitationalMultiplier>
			<orbitalDistance>91</orbitalDistance>
			<orbitalPhi>-1</orbitalPhi>
			<rotationalPeriod>10923</rotationalPeriod>
			<atmosphereDensity>68</atmosphereDensity>
			<biomeIds>biomesoplenty:cold_desert,traverse:autumnal_wooded_hills,traverse:woodlands,minecraft:ice_flats,minecraft:extreme_hills</biomeIds>
		</planet>
		<planet name="Sol-8" DIMID="8">
			<isKnown>false</isKnown>
			<fogColor>1.0,1.0,1.0</fogColor>
			<skyColor>0.0,0.78616714,1.0</skyColor>
			<gravitationalMultiplier>126</gravitationalMultiplier>
			<orbitalDistance>149</orbitalDistance>
			<orbitalPhi>0</orbitalPhi>
			<rotationalPeriod>11997</rotationalPeriod>
			<atmosphereDensity>0</atmosphereDensity>
			<seaLevel>75</seaLevel>
			<biomeIds>advancedrocketry:moon,advancedrocketry:moondark</biomeIds>
			<planet name="Sol-8: 0" DIMID="9">
				<isKnown>false</isKnown>
				<fogColor>1.0,1.0,1.0</fogColor>
				<skyColor>0.27728283,0.6125008,1.0</skyColor>
				<gravitationalMultiplier>73</gravitationalMultiplier>
				<orbitalDistance>147</orbitalDistance>
				<orbitalPhi>5</orbitalPhi>
				<rotationalPeriod>61693</rotationalPeriod>
				<atmosphereDensity>37</atmosphereDensity>
				<biomeIds>minecraft:mushroom_island_shore,traverse:badlands,biomesoplenty:brushland,biomesoplenty:orchard,biomesoplenty:kelp_forest</biomeIds>
			</planet>
			<planet name="Sol-8: 1" DIMID="10">
				<isKnown>false</isKnown>
				<fogColor>1.0,1.0,1.0</fogColor>
				<skyColor>0.0,0.74045634,1.0</skyColor>
				<gravitationalMultiplier>67</gravitationalMultiplier>
				<orbitalDistance>180</orbitalDistance>
				<orbitalPhi>-5</orbitalPhi>
				<rotationalPeriod>79797</rotationalPeriod>
				<atmosphereDensity>29</atmosphereDensity>
				<biomeIds>traverse:mini_jungle,biomesoplenty:wasteland,biomesoplenty:land_of_lakes,thebetweenlands:deep_waters,minecraft:jungle_hills</biomeIds>
			</planet>
			<oceanBlock>advancedrocketry:oxygenfluid</oceanBlock>
		</planet>
		<planet name="Sol-11" DIMID="11">
			<isKnown>false</isKnown>
			<fogColor>1.0,1.0,1.0</fogColor>
			<skyColor>0.8,0.8200505,0.3504721</skyColor>
			<gravitationalMultiplier>130</gravitationalMultiplier>
			<orbitalDistance>165</orbitalDistance>
			<orbitalPhi>2</orbitalPhi>
			<rotationalPeriod>10923</rotationalPeriod>
			<atmosphereDensity>197</atmosphereDensity>
			<biomeIds>minecraft:mutated_mesa_rock,minecraft:mutated_mesa_clear_rock,minecraft:savanna_rock,minecraft:mutated_jungle,minecraft:desert,erebus:volcanic_desert,traverse:rocky_plains</biomeIds>
			<oceanBlock>minecraft:lava</oceanBlock>
		</planet>
		<planet name="Sol-12" DIMID="12">
			<isKnown>false</isKnown>
			<fogColor>1.0,1.0,1.0</fogColor>
			<skyColor>0.8,0.92586267,0.40487874</skyColor>
			<gravitationalMultiplier>93</gravitationalMultiplier>
			<orbitalDistance>82</orbitalDistance>
			<orbitalPhi>-2</orbitalPhi>
			<rotationalPeriod>29837</rotationalPeriod>
			<atmosphereDensity>120</atmosphereDensity>
			<biomeIds>minecraft:mutated_savanna,minecraft:mutated_desert,minecraft:mutated_savanna_rock,advancedrocketry:stormland,twilightforest:twilight_lake</biomeIds>
			<oceanBlock>minecraft:lava</oceanBlock>
		</planet>
		<planet name="Sol-13" DIMID="13">
			<isKnown>false</isKnown>
			<fogColor>1.0,1.0,1.0</fogColor>
			<skyColor>0.0,0.72492194,1.0</skyColor>
			<gravitationalMultiplier>130</gravitationalMultiplier>
			<orbitalDistance>167</orbitalDistance>
			<orbitalPhi>-1</orbitalPhi>
			<rotationalPeriod>10923</rotationalPeriod>
			<atmosphereDensity>22</atmosphereDensity>
			<biomeIds>advancedrocketry:moon,advancedrocketry:moondark</biomeIds>
			<planet name="Sol-13: 2" DIMID="16">
				<isKnown>false</isKnown>
				<fogColor>1.0,1.0,1.0</fogColor>
				<skyColor>0.5679585,0.964888,1.0</skyColor>
				<gravitationalMultiplier>51</gravitationalMultiplier>
				<orbitalDistance>112</orbitalDistance>
				<orbitalPhi>-3</orbitalPhi>
				<rotationalPeriod>180925</rotationalPeriod>
				<atmosphereDensity>35</atmosphereDensity>
				<biomeIds>biomesoplenty:shrubland,minecraft:mesa_clear_rock,minecraft:forest_hills,biomesoplenty:mountain,traverse:mountainous_desert</biomeIds>
			</planet>
			<planet name="Sol-13: 0" DIMID="14">
				<isKnown>false</isKnown>
				<fogColor>1.0,1.0,1.0</fogColor>
				<skyColor>0.16996694,0.569202,1.0</skyColor>
				<gravitationalMultiplier>47</gravitationalMultiplier>
				<orbitalDistance>143</orbitalDistance>
				<orbitalPhi>6</orbitalPhi>
				<rotationalPeriod>231162</rotationalPeriod>
				<atmosphereDensity>25</atmosphereDensity>
				<biomeIds>advancedrocketry:moon,advancedrocketry:moondark</biomeIds>
			</planet>
			<planet name="Sol-13: 1" DIMID="15">
				<isKnown>false</isKnown>
				<fogColor>1.0,1.0,1.0</fogColor>
				<skyColor>0.0,0.680629,1.0</skyColor>
				<gravitationalMultiplier>64</gravitationalMultiplier>
				<orbitalDistance>193</orbitalDistance>
				<orbitalPhi>-1</orbitalPhi>
				<rotationalPeriod>91552</rotationalPeriod>
				<atmosphereDensity>37</atmosphereDensity>
				<biomeIds>minecraft:savanna_rock,biomesoplenty:temperate_rainforest,erebus:elysian_fields,biomesoplenty:chaparral,biomesoplenty:mangrove</biomeIds>
			</planet>
		</planet>
	</star>
	<star name="Wolf 12" temp="10" x="300" y="-200" size="1.0" numPlanets="0" numGasGiants="0">
		<planet name="Sol-23" DIMID="23">
			<isKnown>false</isKnown>
			<fogColor>1.0,1.0,1.0</fogColor>
			<skyColor>0.8,0.6795894,0.0</skyColor>
			<gravitationalMultiplier>114</gravitationalMultiplier>
			<orbitalDistance>30</orbitalDistance>
			<orbitalPhi>0</orbitalPhi>
			<rotationalPeriod>16199</rotationalPeriod>
			<atmosphereDensity>200</atmosphereDensity>
			<biomeIds>advancedrocketry:hotdryrock</biomeIds>
			<oceanBlock>minecraft:lava</oceanBlock>
		</planet>
		<planet name="Sol-24" DIMID="24">
			<isKnown>false</isKnown>
			<hasRings>true</hasRings>
			<ringColor>0.8,0.6143745,0.7361413</ringColor>
			<fogColor>1.0,1.0,1.0</fogColor>
			<skyColor>0.8,0.6143745,0.7361413</skyColor>
			<gravitationalMultiplier>130</gravitationalMultiplier>
			<orbitalDistance>86</orbitalDistance>
			<orbitalPhi>-4</orbitalPhi>
			<rotationalPeriod>10923</rotationalPeriod>
			<atmosphereDensity>95</atmosphereDensity>
			<biomeIds>minecraft:desert_hills</biomeIds>
		</planet>
		<planet name="Sol-25" DIMID="25">
			<isKnown>false</isKnown>
			<fogColor>1.0,1.0,1.0</fogColor>
			<skyColor>0.27226663,0.79618275,1.0</skyColor>
			<gravitationalMultiplier>130</gravitationalMultiplier>
			<orbitalDistance>168</orbitalDistance>
			<orbitalPhi>-4</orbitalPhi>
			<rotationalPeriod>10923</rotationalPeriod>
			<atmosphereDensity>63</atmosphereDensity>
			<biomeIds>minecraft:extreme_hills,traverse:badlands,biomesoplenty:pasture,advancedrocketry:stormland,erebus:underground_jungle</biomeIds>
			<planet name="Sol-25: 0" DIMID="26">
				<isKnown>false</isKnown>
				<fogColor>1.0,1.0,1.0</fogColor>
				<skyColor>0.30833954,0.84968615,1.0</skyColor>
				<gravitationalMultiplier>87</gravitationalMultiplier>
				<orbitalDistance>125</orbitalDistance>
				<orbitalPhi>0</orbitalPhi>
				<rotationalPeriod>36446</rotationalPeriod>
				<atmosphereDensity>29</atmosphereDensity>
				<seaLevel>72</seaLevel>
				<biomeIds>thebetweenlands:marsh_0,thebetweenlands:sludge_plains,biomesoplenty:phantasmagoric_inferno,twilightforest:twilight_swamp,minecraft:savanna_rock</biomeIds>
			</planet>
			<planet name="Sol-25: 1" DIMID="27">
				<isKnown>false</isKnown>
				<fogColor>1.0,1.0,1.0</fogColor>
				<skyColor>0.0,0.5173832,1.0</skyColor>
				<gravitationalMultiplier>66</gravitationalMultiplier>
				<orbitalDistance>184</orbitalDistance>
				<orbitalPhi>-4</orbitalPhi>
				<rotationalPeriod>83479</rotationalPeriod>
				<atmosphereDensity>30</atmosphereDensity>
				<biomeIds>biomesoplenty:bamboo_forest,minecraft:mutated_savanna,minecraft:mutated_mesa_clear_rock,twilightforest:twilight_swamp,twilightforest:oak_savannah</biomeIds>
			</planet>
			<planet name="Sol-25: 2" DIMID="28">
				<isKnown>false</isKnown>
				<fogColor>1.0,1.0,1.0</fogColor>
				<skyColor>0.0,0.50458074,1.0</skyColor>
				<gravitationalMultiplier>58</gravitationalMultiplier>
				<orbitalDistance>198</orbitalDistance>
				<orbitalPhi>-5</orbitalPhi>
				<rotationalPeriod>116857</rotationalPeriod>
				<atmosphereDensity>26</atmosphereDensity>
				<biomeIds>minecraft:mutated_roofed_forest,biomesoplenty:sacred_springs,twilightforest:firefly_forest,biomesoplenty:brushland,biomesoplenty:land_of_lakes</biomeIds>
			</planet>
		</planet>
		<planet name="Sol-29" DIMID="29">
			<isKnown>false</isKnown>
			<fogColor>1.0,1.0,1.0</fogColor>
			<skyColor>0.8,0.62035227,0.0</skyColor>
			<gravitationalMultiplier>130</gravitationalMultiplier>
			<orbitalDistance>84</orbitalDistance>
			<orbitalPhi>-2</orbitalPhi>
			<rotationalPeriod>10923</rotationalPeriod>
			<atmosphereDensity>193</atmosphereDensity>
			<biomeIds>advancedrocketry:hotdryrock</biomeIds>
			<planet name="Sol-29: 0" DIMID="30">
				<isKnown>false</isKnown>
				<fogColor>1.0,1.0,1.0</fogColor>
				<skyColor>0.001613915,0.708653,1.0</skyColor>
				<gravitationalMultiplier>56</gravitationalMultiplier>
				<orbitalDistance>163</orbitalDistance>
				<orbitalPhi>2</orbitalPhi>
				<rotationalPeriod>136661</rotationalPeriod>
				<atmosphereDensity>21</atmosphereDensity>
				<biomeIds>advancedrocketry:moon,advancedrocketry:moondark</biomeIds>
			</planet>
			<oceanBlock>minecraft:lava</oceanBlock>
		</planet>
		<planet name="Sol-31" DIMID="31">
			<isKnown>false</isKnown>
			<fogColor>1.0,1.0,1.0</fogColor>
			<skyColor>0.8,0.71285963,0.80930114</skyColor>
			<gravitationalMultiplier>92</gravitationalMultiplier>
			<orbitalDistance>52</orbitalDistance>
			<orbitalPhi>-5</orbitalPhi>
			<rotationalPeriod>30821</rotationalPeriod>
			<atmosphereDensity>56</atmosphereDensity>
			<biomeIds>erebus:underground_jungle,traverse:rocky_plateau,biomesoplenty:flower_field,minecraft:beaches,minecraft:frozen_ocean</biomeIds>
		</planet>
	</star>
	<star name="Epsilon ire" temp="170" x="-200" y="80" size="1.0" numPlanets="0" numGasGiants="0">
		<planet name="Sol-32" DIMID="32">
			<isKnown>false</isKnown>
			<fogColor>1.0,1.0,1.0</fogColor>
			<skyColor>0.8,0.7659199,0.0</skyColor>
			<gravitationalMultiplier>130</gravitationalMultiplier>
			<orbitalDistance>22</orbitalDistance>
			<orbitalPhi>0</orbitalPhi>
			<rotationalPeriod>10923</rotationalPeriod>
			<atmosphereDensity>159</atmosphereDensity>
			<biomeIds>advancedrocketry:hotdryrock</biomeIds>
			<oceanBlock>minecraft:lava</oceanBlock>
		</planet>
		<planet name="Sol-33" DIMID="33">
			<isKnown>false</isKnown>
			<fogColor>1.0,1.0,1.0</fogColor>
			<skyColor>0.8,0.9142215,0.6252731</skyColor>
			<gravitationalMultiplier>126</gravitationalMultiplier>
			<orbitalDistance>86</orbitalDistance>
			<orbitalPhi>-2</orbitalPhi>
			<rotationalPeriod>11997</rotationalPeriod>
			<atmosphereDensity>93</atmosphereDensity>
			<biomeIds>minecraft:desert_hills</biomeIds>
			<planet name="Sol-33: 0" DIMID="34">
				<isKnown>false</isKnown>
				<fogColor>1.0,1.0,1.0</fogColor>
				<skyColor>0.14596766,0.96854067,1.0</skyColor>
				<gravitationalMultiplier>45</gravitationalMultiplier>
				<orbitalDistance>155</orbitalDistance>
				<orbitalPhi>5</orbitalPhi>
				<rotationalPeriod>263374</rotationalPeriod>
				<atmosphereDensity>29</atmosphereDensity>
				<biomeIds>minecraft:roofed_forest,biomesoplenty:white_beach,minecraft:mutated_roofed_forest,biomesoplenty:undergarden,traverse:badlands</biomeIds>
			</planet>
			<oceanBlock>minecraft:lava</oceanBlock>
		</planet>
		<planet name="Sol-35" DIMID="35">
			<isKnown>false</isKnown>
			<fogColor>1.0,1.0,1.0</fogColor>
			<skyColor>0.34649283,0.82493937,1.0</skyColor>
			<gravitationalMultiplier>130</gravitationalMultiplier>
			<orbitalDistance>135</orbitalDistance>
			<orbitalPhi>-2</orbitalPhi>
			<rotationalPeriod>10923</rotationalPeriod>
			<atmosphereDensity>29</atmosphereDensity>
			<biomeIds>minecraft:mutated_roofed_forest,traverse:birch_forested_hills,erebus:ulterior_outback,biomesoplenty:bamboo_forest,biomesoplenty:woodland</biomeIds>
		</planet>
		<planet name="Sol-36" DIMID="36">
			<isKnown>false</isKnown>
			<fogColor>1.0,1.0,1.0</fogColor>
			<skyColor>0.8,0.71647716,0.60904765</skyColor>
			<gravitationalMultiplier>130</gravitationalMultiplier>
			<orbitalDistance>153</orbitalDistance>
			<orbitalPhi>-3</orbitalPhi>
			<rotationalPeriod>10923</rotationalPeriod>
			<atmosphereDensity>155</atmosphereDensity>
			<biomeIds>twilightforest:enchanted_forest,minecraft:mesa_rock,biomesoplenty:brushland,traverse:arid_highland,twilightforest:twilight_lake,erebus:volcanic_desert,traverse:rocky_plains</biomeIds>
			<oceanBlock>minecraft:lava</oceanBlock>
		</planet>
		<planet name="Sol-37" DIMID="37">
			<isKnown>false</isKnown>
			<fogColor>1.0,1.0,1.0</fogColor>
			<skyColor>0.8,0.5638756,0.4215415</skyColor>
			<gravitationalMultiplier>102</gravitationalMultiplier>
			<orbitalDistance>94</orbitalDistance>
			<orbitalPhi>-5</orbitalPhi>
			<rotationalPeriod>22615</rotationalPeriod>
			<atmosphereDensity>124</atmosphereDensity>
			<biomeIds>traverse:canyon,biomesoplenty:fungi_forest,minecraft:mushroom_island,biomesoplenty:gravel_beach,biomesoplenty:flower_field</biomeIds>
			<oceanBlock>minecraft:lava</oceanBlock>
		</planet>
		<planet name="Sol-38" DIMID="38">
			<isKnown>false</isKnown>
			<fogColor>1.0,1.0,1.0</fogColor>
			<skyColor>0.004537761,0.6339746,1.0</skyColor>
			<gravitationalMultiplier>119</gravitationalMultiplier>
			<orbitalDistance>141</orbitalDistance>
			<orbitalPhi>-5</orbitalPhi>
			<rotationalPeriod>14241</rotationalPeriod>
			<atmosphereDensity>0</atmosphereDensity>
			<biomeIds>advancedrocketry:moon,advancedrocketry:moondark</biomeIds>
			<planet name="Sol-38: 0" DIMID="39">
				<isKnown>false</isKnown>
				<fogColor>1.0,1.0,1.0</fogColor>
				<skyColor>0.22474378,0.677807,1.0</skyColor>
				<gravitationalMultiplier>48</gravitationalMultiplier>
				<orbitalDistance>146</orbitalDistance>
				<orbitalPhi>5</orbitalPhi>
				<rotationalPeriod>217013</rotationalPeriod>
				<atmosphereDensity>23</atmosphereDensity>
				<seaLevel>72</seaLevel>
				<biomeIds>advancedrocketry:moon,advancedrocketry:moondark</biomeIds>
				<oceanBlock>advancedrocketry:oxygenfluid</oceanBlock>
			</planet>
		</planet>
		<planet name="Sol-40" DIMID="40">
			<isKnown>false</isKnown>
			<fogColor>1.0,1.0,1.0</fogColor>
			<skyColor>0.8,0.7151609,0.08145779</skyColor>
			<gravitationalMultiplier>99</gravitationalMultiplier>
			<orbitalDistance>145</orbitalDistance>
			<orbitalPhi>0</orbitalPhi>
			<rotationalPeriod>24734</rotationalPeriod>
			<atmosphereDensity>200</atmosphereDensity>
			<seaLevel>68</seaLevel>
			<biomeIds>advancedrocketry:hotdryrock</biomeIds>
			<oceanBlock>minecraft:lava</oceanBlock>
		</planet>
	</star>
	<star name="Proxima Centaurs" temp="200" x="-150" y="250" size="1.0" numPlanets="0" numGasGiants="0">
		<planet name="Sol-41" DIMID="41">
			<isKnown>false</isKnown>
			<fogColor>1.0,1.0,1.0</fogColor>
			<skyColor>0.8,0.63274086,0.13573033</skyColor>
			<gravitationalMultiplier>116</gravitationalMultiplier>
			<orbitalDistance>81</orbitalDistance>
			<orbitalPhi>0</orbitalPhi>
			<rotationalPeriod>15375</rotationalPeriod>
			<atmosphereDensity>145</atmosphereDensity>
			<biomeIds>advancedrocketry:hotdryrock</biomeIds>
			<oceanBlock>minecraft:lava</oceanBlock>
		</planet>
		<planet name="Sol-42" DIMID="42">
			<isKnown>false</isKnown>
			<fogColor>1.0,1.0,1.0</fogColor>
			<skyColor>0.8,0.56780803,0.86330956</skyColor>
			<gravitationalMultiplier>130</gravitationalMultiplier>
			<orbitalDistance>120</orbitalDistance>
			<orbitalPhi>0</orbitalPhi>
			<rotationalPeriod>10923</rotationalPeriod>
			<atmosphereDensity>93</atmosphereDensity>
			<biomeIds>traverse:mountainous_desert,twilightforest:twilight_lake,minecraft:jungle,minecraft:beaches,minecraft:desert</biomeIds>
		</planet>
		<planet name="Sol-43" DIMID="43">
			<isKnown>false</isKnown>
			<fogColor>1.0,1.0,1.0</fogColor>
			<skyColor>0.0,0.5294628,1.0</skyColor>
			<gravitationalMultiplier>130</gravitationalMultiplier>
			<orbitalDistance>189</orbitalDistance>
			<orbitalPhi>0</orbitalPhi>
			<rotationalPeriod>10923</rotationalPeriod>
			<atmosphereDensity>6</atmosphereDensity>
			<biomeIds>advancedrocketry:moon,advancedrocketry:moondark</biomeIds>
			<planet name="Sol-43: 0" DIMID="44">
				<isKnown>false</isKnown>
				<fogColor>1.0,1.0,1.0</fogColor>
				<skyColor>0.35506165,0.7596946,1.0</skyColor>
				<gravitationalMultiplier>58</gravitationalMultiplier>
				<orbitalDistance>130</orbitalDistance>
				<orbitalPhi>0</orbitalPhi>
				<rotationalPeriod>123006</rotationalPeriod>
				<atmosphereDensity>24</atmosphereDensity>
				<seaLevel>72</seaLevel>
				<biomeIds>advancedrocketry:moon,advancedrocketry:moondark</biomeIds>
			</planet>
		</planet>
	</star>
	<star name="Magnis Vulpes" temp="70" x="-150" y="-250" size="1.0" numPlanets="0" numGasGiants="0">
		<planet name="Sol-45" DIMID="45">
			<isKnown>false</isKnown>
			<fogColor>1.0,1.0,1.0</fogColor>
			<skyColor>0.8,0.8008808,0.0</skyColor>
			<gravitationalMultiplier>130</gravitationalMultiplier>
			<orbitalDistance>92</orbitalDistance>
			<orbitalPhi>-1</orbitalPhi>
			<rotationalPeriod>10923</rotationalPeriod>
			<atmosphereDensity>200</atmosphereDensity>
			<biomeIds>advancedrocketry:hotdryrock</biomeIds>
			<oceanBlock>minecraft:lava</oceanBlock>
		</planet>
		<planet name="Sol-46" DIMID="46">
			<isKnown>false</isKnown>
			<fogColor>1.0,1.0,1.0</fogColor>
			<skyColor>0.56530553,0.6471878,1.0</skyColor>
			<gravitationalMultiplier>128</gravitationalMultiplier>
			<orbitalDistance>128</orbitalDistance>
			<orbitalPhi>-7</orbitalPhi>
			<rotationalPeriod>11444</rotationalPeriod>
			<atmosphereDensity>52</atmosphereDensity>
			<biomeIds>biomesoplenty:ominous_woods,biomesoplenty:outback,minecraft:deep_ocean,minecraft:stone_beach,biomesoplenty:land_of_lakes</biomeIds>
		</planet>
	</star>
	<star name="Ma-Roo" temp="200" x="50" y="-250" size="1.0" numPlanets="0" numGasGiants="0">
		<planet name="Sol-48" DIMID="48">
			<isKnown>false</isKnown>
			<fogColor>1.0,1.0,1.0</fogColor>
			<skyColor>0.50867116,0.52522844,1.0</skyColor>
			<gravitationalMultiplier>111</gravitationalMultiplier>
			<orbitalDistance>143</orbitalDistance>
			<orbitalPhi>0</orbitalPhi>
			<rotationalPeriod>17548</rotationalPeriod>
			<atmosphereDensity>59</atmosphereDensity>
			<biomeIds>minecraft:ice_flats</biomeIds>
		</planet>
		<planet name="Sol-49" DIMID="49">
			<isKnown>false</isKnown>
			<fogColor>1.0,1.0,1.0</fogColor>
			<skyColor>0.12748295,0.6835134,1.0</skyColor>
			<gravitationalMultiplier>113</gravitationalMultiplier>
			<orbitalDistance>166</orbitalDistance>
			<orbitalPhi>7</orbitalPhi>
			<rotationalPeriod>16633</rotationalPeriod>
			<atmosphereDensity>28</atmosphereDensity>
			<biomeIds>minecraft:mutated_redwood_taiga,twilightforest:twilight_stream,traverse:arid_highland,biomesoplenty:undergarden,twilightforest:mushroom_forest</biomeIds>
			<planet name="Sol-49: 0" DIMID="50">
				<isKnown>false</isKnown>
				<fogColor>1.0,1.0,1.0</fogColor>
				<skyColor>0.372863,0.95057625,1.0</skyColor>
				<gravitationalMultiplier>73</gravitationalMultiplier>
				<orbitalDistance>111</orbitalDistance>
				<orbitalPhi>-1</orbitalPhi>
				<rotationalPeriod>61693</rotationalPeriod>
				<atmosphereDensity>17</atmosphereDensity>
				<biomeIds>advancedrocketry:moon,advancedrocketry:moondark</biomeIds>
			</planet>
		</planet>
		<planet name="Sol-51" DIMID="51">
			<isKnown>false</isKnown>
			<fogColor>1.0,1.0,1.0</fogColor>
			<skyColor>0.8,0.86998796,0.0</skyColor>
			<gravitationalMultiplier>122</gravitationalMultiplier>
			<orbitalDistance>114</orbitalDistance>
			<orbitalPhi>-4</orbitalPhi>
			<rotationalPeriod>13216</rotationalPeriod>
			<atmosphereDensity>200</atmosphereDensity>
			<biomeIds>advancedrocketry:hotdryrock</biomeIds>
			<planet name="Sol-51: 0" DIMID="52">
				<isKnown>false</isKnown>
				<fogColor>1.0,1.0,1.0</fogColor>
				<skyColor>0.29648244,0.65763164,1.0</skyColor>
				<gravitationalMultiplier>42</gravitationalMultiplier>
				<orbitalDistance>156</orbitalDistance>
				<orbitalPhi>-4</orbitalPhi>
				<rotationalPeriod>323939</rotationalPeriod>
				<atmosphereDensity>36</atmosphereDensity>
				<biomeIds>biomesoplenty:wetland,traverse:thicket,minecraft:mutated_plains,thebetweenlands:marsh_1,biomesoplenty:marsh</biomeIds>
			</planet>
			<planet name="Sol-51: 1" DIMID="53">
				<isKnown>false</isKnown>
				<fogColor>1.0,1.0,1.0</fogColor>
				<skyColor>0.24763572,0.9608656,1.0</skyColor>
				<gravitationalMultiplier>61</gravitationalMultiplier>
				<orbitalDistance>156</orbitalDistance>
				<orbitalPhi>-4</orbitalPhi>
				<rotationalPeriod>105735</rotationalPeriod>
				<atmosphereDensity>36</atmosphereDensity>
				<biomeIds>twilightforest:mushroom_forest,erebus:fungal_forest,biomesoplenty:wetland,minecraft:mutated_swampland,minecraft:deep_ocean</biomeIds>
			</planet>
			<oceanBlock>minecraft:lava</oceanBlock>
		</planet>
		<planet name="Sol-54" DIMID="54">
			<isKnown>false</isKnown>
			<fogColor>1.0,1.0,1.0</fogColor>
			<skyColor>0.8,0.71053267,0.630667</skyColor>
			<gravitationalMultiplier>130</gravitationalMultiplier>
			<orbitalDistance>48</orbitalDistance>
			<orbitalPhi>0</orbitalPhi>
			<rotationalPeriod>10923</rotationalPeriod>
			<atmosphereDensity>63</atmosphereDensity>
			<biomeIds>minecraft:mutated_redwood_taiga_hills,erebus:ulterior_outback,traverse:woodlands,biomesoplenty:quagmire,minecraft:beaches</biomeIds>
			<planet name="Sol-54: 0" DIMID="55">
				<isKnown>false</isKnown>
				<fogColor>1.0,1.0,1.0</fogColor>
				<skyColor>0.2434156,0.9867182,1.0</skyColor>
				<gravitationalMultiplier>50</gravitationalMultiplier>
				<orbitalDistance>147</orbitalDistance>
				<orbitalPhi>0</orbitalPhi>
				<rotationalPeriod>192000</rotationalPeriod>
				<atmosphereDensity>29</atmosphereDensity>
				<biomeIds>minecraft:swampland,minecraft:mushroom_island_shore,traverse:meadow,biomesoplenty:quagmire,erebus:fields_sub_forest</biomeIds>
			</planet>
			<oceanBlock>minecraft:lava</oceanBlock>
		</planet>
		<planet name="Sol-56" DIMID="56">
			<isKnown>false</isKnown>
			<fogColor>1.0,1.0,1.0</fogColor>
			<skyColor>0.0,0.700663,1.0</skyColor>
			<gravitationalMultiplier>111</gravitationalMultiplier>
			<orbitalDistance>165</orbitalDistance>
			<orbitalPhi>-3</orbitalPhi>
			<rotationalPeriod>17548</rotationalPeriod>
			<atmosphereDensity>5</atmosphereDensity>
			<biomeIds>advancedrocketry:moon,advancedrocketry:moondark</biomeIds>
			<planet name="Sol-56: 0" DIMID="57">
				<isKnown>false</isKnown>
				<fogColor>1.0,1.0,1.0</fogColor>
				<skyColor>0.48965394,0.92407674,1.0</skyColor>
				<gravitationalMultiplier>32</gravitationalMultiplier>
				<orbitalDistance>114</orbitalDistance>
				<orbitalPhi>0</orbitalPhi>
				<rotationalPeriod>732421</rotationalPeriod>
				<atmosphereDensity>28</atmosphereDensity>
				<biomeIds>erebus:petrified_forest,traverse:forested_hills,minecraft:forest,biomesoplenty:redwood_forest,biomesoplenty:outback</biomeIds>
			</planet>
		</planet>
		<planet name="Sol-47" DIMID="47">
			<isKnown>false</isKnown>
			<fogColor>1.0,1.0,1.0</fogColor>
			<skyColor>0.8,0.78874433,0.0</skyColor>
			<gravitationalMultiplier>89</gravitationalMultiplier>
			<orbitalDistance>19</orbitalDistance>
			<orbitalPhi>-3</orbitalPhi>
			<rotationalPeriod>34044</rotationalPeriod>
			<atmosphereDensity>126</atmosphereDensity>
			<biomeIds>advancedrocketry:hotdryrock</biomeIds>
			<oceanBlock>minecraft:lava</oceanBlock>
		</planet>
	</star>
	<star name="Alykitt" temp="120" x="75" y="200" size="1.0" numPlanets="0" numGasGiants="0">
		<planet name="Sol-58" DIMID="58">
			<isKnown>false</isKnown>
			<GasGiant>true</GasGiant>
			<gas>nitrogen</gas>
			<gas>hydrogen</gas>
			<gas>oxygen</gas>
			<fogColor>1.0,1.0,1.0</fogColor>
			<skyColor>1.0,1.0,1.0</skyColor>
			<gravitationalMultiplier>130</gravitationalMultiplier>
			<orbitalDistance>200</orbitalDistance>
			<orbitalPhi>0</orbitalPhi>
			<rotationalPeriod>24000</rotationalPeriod>
			<atmosphereDensity>182</atmosphereDensity>
		</planet>
		<planet name="Sol-59" DIMID="59">
			<isKnown>false</isKnown>
			<fogColor>1.0,1.0,1.0</fogColor>
			<skyColor>0.8,0.70843416,0.0</skyColor>
			<gravitationalMultiplier>89</gravitationalMultiplier>
			<orbitalDistance>27</orbitalDistance>
			<orbitalPhi>-4</orbitalPhi>
			<rotationalPeriod>34044</rotationalPeriod>
			<atmosphereDensity>200</atmosphereDensity>
			<biomeIds>advancedrocketry:hotdryrock</biomeIds>
			<oceanBlock>minecraft:lava</oceanBlock>
		</planet>
		<planet name="Sol-60" DIMID="60">
			<isKnown>false</isKnown>
			<fogColor>1.0,1.0,1.0</fogColor>
			<skyColor>0.8,0.9864217,0.7722725</skyColor>
			<gravitationalMultiplier>130</gravitationalMultiplier>
			<orbitalDistance>138</orbitalDistance>
			<orbitalPhi>0</orbitalPhi>
			<rotationalPeriod>10923</rotationalPeriod>
			<atmosphereDensity>121</atmosphereDensity>
			<biomeIds>twilightforest:twilight_clearing,minecraft:mutated_birch_forest_hills,twilightforest:enchanted_forest,biomesoplenty:lavender_fields,traverse:meadow</biomeIds>
			<planet name="Sol-60: 0" DIMID="61">
				<isKnown>false</isKnown>
				<fogColor>1.0,1.0,1.0</fogColor>
				<skyColor>0.0,0.98717034,1.0</skyColor>
				<gravitationalMultiplier>56</gravitationalMultiplier>
				<orbitalDistance>196</orbitalDistance>
				<orbitalPhi>-3</orbitalPhi>
				<rotationalPeriod>136661</rotationalPeriod>
				<atmosphereDensity>25</atmosphereDensity>
				<biomeIds>advancedrocketry:moon,advancedrocketry:moondark</biomeIds>
			</planet>
			<planet name="Sol-60: 1" DIMID="62">
				<isKnown>false</isKnown>
				<fogColor>1.0,1.0,1.0</fogColor>
				<skyColor>0.3002107,0.8672836,1.0</skyColor>
				<gravitationalMultiplier>68</gravitationalMultiplier>
				<orbitalDistance>126</orbitalDistance>
				<orbitalPhi>0</orbitalPhi>
				<rotationalPeriod>76328</rotationalPeriod>
				<atmosphereDensity>26</atmosphereDensity>
				<biomeIds>biomesoplenty:sacred_springs,biomesoplenty:marsh,biomesoplenty:eucalyptus_forest,biomesoplenty:brushland,traverse:badlands</biomeIds>
			</planet>
		</planet>
		<planet name="Sol-63" DIMID="63">
			<isKnown>false</isKnown>
			<fogColor>1.0,1.0,1.0</fogColor>
			<skyColor>0.0,0.641164,1.0</skyColor>
			<gravitationalMultiplier>114</gravitationalMultiplier>
			<orbitalDistance>204</orbitalDistance>
			<orbitalPhi>-5</orbitalPhi>
			<rotationalPeriod>16199</rotationalPeriod>
			<atmosphereDensity>10</atmosphereDensity>
			<biomeIds>advancedrocketry:moon,advancedrocketry:moondark</biomeIds>
		</planet>
	</star>
</galaxy>