{
  "triumph:vanilla/husbandry/root": {
    "criteria": {
      "consumed_item": "2018-07-11 22:03:39 -0500"
    },
    "done": true
  },
  "triumph:example/root": {
    "criteria": {
      "location": "2018-07-11 22:01:12 -0500"
    },
    "done": true
  },
  "triumph:vanilla/husbandry/balanced_diet": {
    "criteria": {
      "potato": "2018-07-11 22:03:39 -0500",
      "carrot": "2018-07-11 22:04:21 -0500"
    },
    "done": false
  },
  "triumph:example/example_left_click_block": {
    "criteria": {
      "clickedBlock": "2018-07-11 22:04:48 -0500"
    },
    "done": true
  },
  "triumph:vanilla/adventure/adventuring_time": {
    "criteria": {
      "river": "2018-07-11 22:05:27 -0500"
    },
    "done": false
  }
}