{"stat.leaveGame":5,"stat.mineBlock.minecraft.cobblestone":9,"stat.craftItem.pickletweaks.flint_axe":2,"stat.swimOneCm":1858,"stat.mineBlock.minecraft.spruce_stairs":5,"stat.pickup.minecraft.glowstone_dust":9,"stat.mineBlock.astralsorcery.blockcustomflower":9,"stat.useItem.minecraft.stone_slab2":8,"stat.craftItem.pickletweaks.stone_paxel":1,"stat.craftItem.minecraft.furnace":1,"stat.craftItem.minecraft.stone_axe":1,"stat.craftItem.minecraft.stone_pickaxe":1,"stat.pickup.minecraft.cobblestone":97,"stat.mineBlock.geolosys.ore_vanilla":58,"stat.flyOneCm":41767,"stat.pickup.dynamictrees.spruceseed":15,"stat.mineBlock.minecraft.snow_layer":23,"stat.mineBlock.pedestalcrafting.pedestal":1,"stat.craftItem.minecraft.wooden_slab":12,"stat.killEntity.Villager":1,"stat.drop.dynamictrees.spruceseed":2,"stat.timeSinceDeath":58842,"stat.mineBlock.biomesoplenty.dirt":2,"stat.useItem.minecraft.potato":8,"stat.pickup.minecraft.spruce_fence":2,"stat.furnaceInteraction":4,"stat.talkedToVillager":4,"stat.craftItem.minecraft.stone_slab2":0,"stat.craftItem.pedestalcrafting.pedestal":9,"stat.craftItem.tconstruct.stone_stick":2,"stat.useItem.minecraft.spruce_fence":1,"stat.sprintOneCm":106946,"stat.craftItem.pickletweaks.flint_paxel":1,"stat.mineBlock.biomesoplenty.grass":3,"stat.craftItem.minecraft.stone":1,"stat.useItem.pickletweaks.stone_paxel":16,"stat.mineBlock.minecraft.planks":1,"stat.drop":2,"stat.pickup.magneticraft.crafting":3,"stat.useItem.pickletweaks.flint_paxel":109,"stat.playOneMinute":58842,"stat.killEntity.Zombie":3,"stat.pickup.minecraft.snowball":44,"stat.useItem.pedestalcrafting.pedestal":8,"stat.mineBlock.minecraft.tallgrass":6,"stat.diveOneCm":974,"stat.pickup.minecraft.wheat":10,"stat.mineBlock.rustic.chamomile":1,"stat.pickup.minecraft.gravel":69,"stat.pickup.minecraft.wooden_pressure_plate":2,"stat.craftItem.minecraft.flint":23,"stat.jump":74,"stat.pickup.minecraft.coal":58,"stat.fallOneCm":2777,"stat.useItem.dynamictrees.spruceseed":2,"stat.pickup.minecraft.carrot":2,"stat.crouchOneCm":272,"stat.craftItem.minecraft.torch":84,"stat.pickup.minecraft.dirt":13,"stat.craftingTableInteraction":20,"stat.pickup.pedestalcrafting.pedestal":1,"stat.mineBlock.minecraft.wooden_pressure_plate":2,"stat.damageTaken":200,"stat.mineBlock.biomesoplenty.plant_0":3,"stat.pickup.mysticalagriculture.crafting":6,"stat.pickup.minecraft.planks":17,"stat.mineBlock.minecraft.spruce_fence":2,"stat.pickup.minecraft.wheat_seeds":9,"stat.pickup.minecraft.potato":12,"stat.mineBlock.minecraft.gravel":70,"stat.damageDealt":762,"stat.craftItem.minecraft.baked_potato":4,"stat.craftItem.pedestalcrafting.pedestal_core":1,"stat.mineBlock.minecraft.dirt":15,"stat.craftItem.horsepower.chopping_block":1,"stat.craftItem.pickletweaks.flint_sword":1,"stat.craftItem.minecraft.stone_shovel":1,"stat.walkOneCm":204189,"stat.useItem.minecraft.torch":11,"stat.useItem.quark.custom_chest":3,"stat.pickup.minecraft.stick":124,"stat.craftItem.pickletweaks.flint_pickaxe":2,"stat.craftItem.quark.custom_chest":4,"stat.useItem.pickletweaks.flint_pickaxe":155,"stat.pickup.minecraft.log":137,"stat.mineBlock.dynamictrees.leaves0":49,"stat.pickup.minecraft.sapling":1,"stat.useItem.pickletweaks.flint_sword":5,"stat.mineBlock.dynamictrees.sprucebranch":15,"stat.useItem.pickletweaks.flint_axe":42,"stat.mobKills":3,"stat.mineBlock.minecraft.log":3,"stat.craftItem.pickletweaks.flint_shovel":1,"stat.mineBlock.minecraft.leaves":14,"stat.pickup.biomesoplenty.dirt":5,"stat.pickup.minecraft.spruce_stairs":5,"stat.sneakTime":166,"stat.pickup.rustic.chili_pepper_seeds":1,"stat.useItem.minecraft.baked_potato":3,"stat.craftItem.prospectors.prospector_lowest":1,"stat.pickup.minecraft.yellow_flower":1,"stat.mineBlock.minecraft.stone":88,"stat.pickup.rustic.ironberries":1}