{
  "triumph:example/root": {
    "criteria": {
      "location": "2018-07-16 21:13:00 -0500"
    },
    "done": true
  },
  "triumph:vanilla/husbandry/plant_seed": {
    "criteria": {
      "wheat": "2018-07-16 21:18:18 -0500"
    },
    "done": true
  },
  "triumph:example/example_left_click_block": {
    "criteria": {
      "clickedBlock": "2018-07-16 21:13:17 -0500"
    },
    "done": true
  },
  "triumph:vanilla/adventure/adventuring_time": {
    "criteria": {
      "birch_forest": "2018-07-16 21:53:21 -0500",
      "beaches": "2018-07-16 21:14:40 -0500",
      "forest_hills": "2018-07-16 22:06:42 -0500",
      "plains": "2018-07-16 21:40:47 -0500",
      "savanna": "2018-07-16 21:53:43 -0500",
      "savanna_rock": "2018-07-16 21:53:54 -0500",
      "river": "2018-07-16 21:16:06 -0500"
    },
    "done": false
  },
  "triumph:vanilla/story/root": {
    "criteria": {
      "crafting_table": "2018-07-20 19:22:36 -0500"
    },
    "done": true
  },
  "triumph:vanilla/husbandry/root": {
    "criteria": {
      "consumed_item": "2018-07-16 21:18:11 -0500"
    },
    "done": true
  },
  "triumph:example/example_placed_block": {
    "criteria": {
      "placedDirt": "2018-07-16 21:30:33 -0500"
    },
    "done": true
  },
  "triumph:example/example_inventory_changed": {
    "criteria": {
      "hasStickOfTruth": "2018-07-16 21:19:09 -0500"
    },
    "done": true
  },
  "triumph:example/example_break_block": {
    "criteria": {
      "brokeLog": "2018-07-16 21:19:47 -0500"
    },
    "done": true
  },
  "triumph:vanilla/adventure/root": {
    "criteria": {
      "killed_something": "2018-07-16 21:25:55 -0500"
    },
    "done": true
  },
  "triumph:vanilla/adventure/kill_a_mob": {
    "criteria": {
      "skeleton": "2018-07-16 21:27:20 -0500"
    },
    "done": true
  },
  "triumph:example/example_all_rewards": {
    "criteria": {
      "hasFlint": "2018-07-16 21:19:09 -0500"
    },
    "done": true
  },
  "triumph:vanilla/adventure/kill_all_mobs": {
    "criteria": {
      "zombie_villager": "2018-07-16 21:32:26 -0500",
      "skeleton": "2018-07-16 21:27:20 -0500",
      "zombie": "2018-07-16 21:32:24 -0500"
    },
    "done": false
  },
  "triumph:example/example_item_crafted": {
    "criteria": {
      "crafted": "2018-07-16 21:23:15 -0500"
    },
    "done": true
  },
  "triumph:vanilla/husbandry/balanced_diet": {
    "criteria": {
      "bread": "2018-07-20 19:23:29 -0500",
      "cooked_chicken": "2018-07-20 18:32:05 -0500",
      "carrot": "2018-07-16 21:18:33 -0500"
    },
    "done": false
  },
  "triumph:vanilla/story/mine_stone": {
    "criteria": {
      "get_stone": "2018-07-16 21:29:24 -0500"
    },
    "done": true
  }
}