<galaxy>
	<star name="Sol" temp="100" x="0" y="0" size="1.0" numPlanets="0" numGasGiants="0">
		<planet name="Sol-16" DIMID="16">
			<isKnown>false</isKnown>
			<fogColor>1.0,1.0,1.0</fogColor>
			<skyColor>0.0,0.79199487,1.0</skyColor>
			<gravitationalMultiplier>101</gravitationalMultiplier>
			<orbitalDistance>177</orbitalDistance>
			<orbitalPhi>0</orbitalPhi>
			<rotationalPeriod>23294</rotationalPeriod>
			<atmosphereDensity>3</atmosphereDensity>
			<biomeIds>advancedrocketry:moon,advancedrocketry:moondark</biomeIds>
			<planet name="Sol-16: 0" DIMID="17">
				<isKnown>false</isKnown>
				<fogColor>1.0,1.0,1.0</fogColor>
				<skyColor>0.20439875,0.50695765,1.0</skyColor>
				<gravitationalMultiplier>62</gravitationalMultiplier>
				<orbitalDistance>123</orbitalDistance>
				<orbitalPhi>-2</orbitalPhi>
				<rotationalPeriod>100701</rotationalPeriod>
				<atmosphereDensity>14</atmosphereDensity>
				<biomeIds>advancedrocketry:moon,advancedrocketry:moondark</biomeIds>
			</planet>
			<planet name="Sol-16: 1" DIMID="18">
				<isKnown>false</isKnown>
				<fogColor>1.0,1.0,1.0</fogColor>
				<skyColor>0.0,0.82460046,1.0</skyColor>
				<gravitationalMultiplier>73</gravitationalMultiplier>
				<orbitalDistance>195</orbitalDistance>
				<orbitalPhi>0</orbitalPhi>
				<rotationalPeriod>61693</rotationalPeriod>
				<atmosphereDensity>14</atmosphereDensity>
				<biomeIds>advancedrocketry:moon,advancedrocketry:moondark</biomeIds>
			</planet>
			<planet name="Sol-16: 2" DIMID="19">
				<isKnown>false</isKnown>
				<fogColor>1.0,1.0,1.0</fogColor>
				<skyColor>0.10004884,0.5395921,1.0</skyColor>
				<gravitationalMultiplier>41</gravitationalMultiplier>
				<orbitalDistance>151</orbitalDistance>
				<orbitalPhi>1</orbitalPhi>
				<rotationalPeriod>348224</rotationalPeriod>
				<atmosphereDensity>20</atmosphereDensity>
				<seaLevel>49</seaLevel>
				<biomeIds>advancedrocketry:moon,advancedrocketry:moondark</biomeIds>
			</planet>
		</planet>
		<planet name="Earth" DIMID="0" dimMapping="">
			<isKnown>true</isKnown>
			<fogColor>1.0,1.0,1.0</fogColor>
			<skyColor>1.0,1.0,1.0</skyColor>
			<gravitationalMultiplier>100</gravitationalMultiplier>
			<orbitalDistance>100</orbitalDistance>
			<orbitalPhi>0</orbitalPhi>
			<rotationalPeriod>24000</rotationalPeriod>
			<atmosphereDensity>100</atmosphereDensity>
			<planet name="Luna" DIMID="3">
				<isKnown>false</isKnown>
				<fogColor>1.0,1.0,1.0</fogColor>
				<skyColor>1.0,1.0,1.0</skyColor>
				<gravitationalMultiplier>16</gravitationalMultiplier>
				<orbitalDistance>150</orbitalDistance>
				<orbitalPhi>0</orbitalPhi>
				<rotationalPeriod>128000</rotationalPeriod>
				<atmosphereDensity>0</atmosphereDensity>
				<biomeIds>advancedrocketry:moon,advancedrocketry:moondark</biomeIds>
			</planet>
		</planet>
		<planet name="Sol-4" DIMID="4">
			<isKnown>false</isKnown>
			<GasGiant>true</GasGiant>
			<gas>nitrogen</gas>
			<gas>hydrogen</gas>
			<gas>oxygen</gas>
			<fogColor>1.0,1.0,1.0</fogColor>
			<skyColor>1.0,1.0,1.0</skyColor>
			<gravitationalMultiplier>130</gravitationalMultiplier>
			<orbitalDistance>200</orbitalDistance>
			<orbitalPhi>0</orbitalPhi>
			<rotationalPeriod>24000</rotationalPeriod>
			<atmosphereDensity>139</atmosphereDensity>
			<planet name="Sol-4: 0" DIMID="5">
				<isKnown>false</isKnown>
				<fogColor>1.0,1.0,1.0</fogColor>
				<skyColor>0.0,0.6862371,1.0</skyColor>
				<gravitationalMultiplier>73</gravitationalMultiplier>
				<orbitalDistance>193</orbitalDistance>
				<orbitalPhi>-7</orbitalPhi>
				<rotationalPeriod>61693</rotationalPeriod>
				<atmosphereDensity>31</atmosphereDensity>
				<seaLevel>72</seaLevel>
				<biomeIds>minecraft:forest,biomesoplenty:lavender_fields,minecraft:mutated_roofed_forest,advancedrocketry:marsh,minecraft:mutated_mesa</biomeIds>
			</planet>
			<planet name="Sol-4: 1" DIMID="6">
				<isKnown>false</isKnown>
				<fogColor>1.0,1.0,1.0</fogColor>
				<skyColor>0.30660266,0.7961606,1.0</skyColor>
				<gravitationalMultiplier>75</gravitationalMultiplier>
				<orbitalDistance>136</orbitalDistance>
				<orbitalPhi>-4</orbitalPhi>
				<rotationalPeriod>56888</rotationalPeriod>
				<atmosphereDensity>34</atmosphereDensity>
				<biomeIds>erebus:submerged_swamp,biomesoplenty:gravel_beach,biomesoplenty:mountain_foothills,biomesoplenty:mangrove,minecraft:mutated_savanna</biomeIds>
			</planet>
			<planet name="Sol-4: 2" DIMID="8">
				<isKnown>false</isKnown>
				<fogColor>1.0,1.0,1.0</fogColor>
				<skyColor>0.0,0.5576322,1.0</skyColor>
				<gravitationalMultiplier>62</gravitationalMultiplier>
				<orbitalDistance>191</orbitalDistance>
				<orbitalPhi>-3</orbitalPhi>
				<rotationalPeriod>100701</rotationalPeriod>
				<atmosphereDensity>21</atmosphereDensity>
				<seaLevel>74</seaLevel>
				<biomeIds>advancedrocketry:moon,advancedrocketry:moondark</biomeIds>
				<oceanBlock>advancedrocketry:oxygenfluid</oceanBlock>
			</planet>
			<planet name="Sol-4: 3" DIMID="9">
				<isKnown>false</isKnown>
				<fogColor>1.0,1.0,1.0</fogColor>
				<skyColor>0.0,0.887792,1.0</skyColor>
				<gravitationalMultiplier>82</gravitationalMultiplier>
				<orbitalDistance>157</orbitalDistance>
				<orbitalPhi>-3</orbitalPhi>
				<rotationalPeriod>43528</rotationalPeriod>
				<atmosphereDensity>13</atmosphereDensity>
				<seaLevel>73</seaLevel>
				<biomeIds>advancedrocketry:moon,advancedrocketry:moondark</biomeIds>
				<oceanBlock>advancedrocketry:oxygenfluid</oceanBlock>
			</planet>
		</planet>
		<planet name="Sol-21" DIMID="21">
			<isKnown>false</isKnown>
			<fogColor>1.0,1.0,1.0</fogColor>
			<skyColor>0.8,0.65404165,0.19633305</skyColor>
			<gravitationalMultiplier>127</gravitationalMultiplier>
			<orbitalDistance>74</orbitalDistance>
			<orbitalPhi>6</orbitalPhi>
			<rotationalPeriod>11716</rotationalPeriod>
			<atmosphereDensity>131</atmosphereDensity>
			<biomeIds>erebus:underground_jungle</biomeIds>
			<planet name="Sol-21: 0" DIMID="22">
				<isKnown>false</isKnown>
				<fogColor>1.0,1.0,1.0</fogColor>
				<skyColor>0.5395436,0.76918405,1.0</skyColor>
				<gravitationalMultiplier>81</gravitationalMultiplier>
				<orbitalDistance>104</orbitalDistance>
				<orbitalPhi>-2</orbitalPhi>
				<rotationalPeriod>45160</rotationalPeriod>
				<atmosphereDensity>27</atmosphereDensity>
				<biomeIds>minecraft:ice_flats</biomeIds>
			</planet>
			<planet name="Sol-21: 1" DIMID="23">
				<isKnown>false</isKnown>
				<fogColor>1.0,1.0,1.0</fogColor>
				<skyColor>0.45622373,0.96600443,1.0</skyColor>
				<gravitationalMultiplier>43</gravitationalMultiplier>
				<orbitalDistance>110</orbitalDistance>
				<orbitalPhi>-7</orbitalPhi>
				<rotationalPeriod>301860</rotationalPeriod>
				<atmosphereDensity>23</atmosphereDensity>
				<biomeIds>advancedrocketry:moon,advancedrocketry:moondark</biomeIds>
			</planet>
			<oceanBlock>minecraft:lava</oceanBlock>
		</planet>
		<planet name="Sol-24" DIMID="24">
			<isKnown>false</isKnown>
			<fogColor>1.0,1.0,1.0</fogColor>
			<skyColor>0.8,0.53002083,0.12541687</skyColor>
			<gravitationalMultiplier>97</gravitationalMultiplier>
			<orbitalDistance>43</orbitalDistance>
			<orbitalPhi>1</orbitalPhi>
			<rotationalPeriod>26296</rotationalPeriod>
			<atmosphereDensity>122</atmosphereDensity>
			<biomeIds>advancedrocketry:hotdryrock</biomeIds>
			<oceanBlock>minecraft:lava</oceanBlock>
		</planet>
		<planet name="Sol-25" DIMID="25">
			<isKnown>false</isKnown>
			<fogColor>1.0,1.0,1.0</fogColor>
			<skyColor>0.0,0.963449,1.0</skyColor>
			<gravitationalMultiplier>130</gravitationalMultiplier>
			<orbitalDistance>142</orbitalDistance>
			<orbitalPhi>-4</orbitalPhi>
			<rotationalPeriod>10923</rotationalPeriod>
			<atmosphereDensity>3</atmosphereDensity>
			<biomeIds>advancedrocketry:moon,advancedrocketry:moondark</biomeIds>
		</planet>
		<planet name="Sol-10" DIMID="10">
			<isKnown>false</isKnown>
			<fogColor>1.0,1.0,1.0</fogColor>
			<skyColor>0.8,0.75622195,0.0</skyColor>
			<gravitationalMultiplier>130</gravitationalMultiplier>
			<orbitalDistance>73</orbitalDistance>
			<orbitalPhi>-5</orbitalPhi>
			<rotationalPeriod>10923</rotationalPeriod>
			<atmosphereDensity>173</atmosphereDensity>
			<biomeIds>advancedrocketry:hotdryrock</biomeIds>
			<planet name="Sol-10: 0" DIMID="11">
				<isKnown>false</isKnown>
				<fogColor>1.0,1.0,1.0</fogColor>
				<skyColor>0.29755777,0.85127103,1.0</skyColor>
				<gravitationalMultiplier>86</gravitationalMultiplier>
				<orbitalDistance>145</orbitalDistance>
				<orbitalPhi>-2</orbitalPhi>
				<rotationalPeriod>37732</rotationalPeriod>
				<atmosphereDensity>32</atmosphereDensity>
				<biomeIds>minecraft:mutated_mesa_rock,minecraft:mesa,biomesoplenty:highland,minecraft:plains,erebus:subterranean_savannah</biomeIds>
			</planet>
			<oceanBlock>minecraft:lava</oceanBlock>
		</planet>
		<planet name="Sol-26" DIMID="26">
			<isKnown>false</isKnown>
			<fogColor>1.0,1.0,1.0</fogColor>
			<skyColor>0.8,0.74163383,0.08425033</skyColor>
			<gravitationalMultiplier>130</gravitationalMultiplier>
			<orbitalDistance>132</orbitalDistance>
			<orbitalPhi>1</orbitalPhi>
			<rotationalPeriod>10923</rotationalPeriod>
			<atmosphereDensity>192</atmosphereDensity>
			<biomeIds>advancedrocketry:hotdryrock</biomeIds>
			<oceanBlock>minecraft:lava</oceanBlock>
		</planet>
		<planet name="Sol-27" DIMID="27">
			<isKnown>false</isKnown>
			<fogColor>1.0,1.0,1.0</fogColor>
			<skyColor>0.8,0.95989203,0.81524086</skyColor>
			<gravitationalMultiplier>124</gravitationalMultiplier>
			<orbitalDistance>116</orbitalDistance>
			<orbitalPhi>0</orbitalPhi>
			<rotationalPeriod>12587</rotationalPeriod>
			<atmosphereDensity>106</atmosphereDensity>
			<biomeIds>biomesoplenty:sacred_springs,biomesoplenty:flower_field,minecraft:mesa_rock,traverse:thicket,erebus:fields_sub_forest</biomeIds>
			<planet name="Sol-27: 0" DIMID="28">
				<isKnown>false</isKnown>
				<fogColor>1.0,1.0,1.0</fogColor>
				<skyColor>0.0,0.896745,1.0</skyColor>
				<gravitationalMultiplier>65</gravitationalMultiplier>
				<orbitalDistance>179</orbitalDistance>
				<orbitalPhi>-5</orbitalPhi>
				<rotationalPeriod>87391</rotationalPeriod>
				<atmosphereDensity>31</atmosphereDensity>
				<biomeIds>biomesoplenty:steppe,twilightforest:deep_mushroom_forest,traverse:arid_highland,minecraft:mutated_redwood_taiga_hills,thebetweenlands:deep_waters</biomeIds>
			</planet>
			<planet name="Sol-27: 1" DIMID="29">
				<isKnown>false</isKnown>
				<hasRings>true</hasRings>
				<ringColor>0.3913157,0.6460408,1.0</ringColor>
				<fogColor>1.0,1.0,1.0</fogColor>
				<skyColor>0.3913157,0.6460408,1.0</skyColor>
				<gravitationalMultiplier>44</gravitationalMultiplier>
				<orbitalDistance>116</orbitalDistance>
				<orbitalPhi>-4</orbitalPhi>
				<rotationalPeriod>281743</rotationalPeriod>
				<atmosphereDensity>29</atmosphereDensity>
				<biomeIds>minecraft:mutated_extreme_hills,minecraft:mesa_clear_rock,biomesoplenty:origin_island,traverse:temperate_rainforest,minecraft:forest</biomeIds>
			</planet>
		</planet>
		<planet name="Sol-12" DIMID="12">
			<isKnown>false</isKnown>
			<fogColor>1.0,1.0,1.0</fogColor>
			<skyColor>0.8,0.6970757,0.28574246</skyColor>
			<gravitationalMultiplier>130</gravitationalMultiplier>
			<orbitalDistance>92</orbitalDistance>
			<orbitalPhi>-2</orbitalPhi>
			<rotationalPeriod>10923</rotationalPeriod>
			<atmosphereDensity>138</atmosphereDensity>
			<biomeIds>minecraft:mushroom_island</biomeIds>
			<planet name="Sol-12: 0" DIMID="13">
				<isKnown>false</isKnown>
				<fogColor>1.0,1.0,1.0</fogColor>
				<skyColor>0.0,0.777413,1.0</skyColor>
				<gravitationalMultiplier>78</gravitationalMultiplier>
				<orbitalDistance>175</orbitalDistance>
				<orbitalPhi>-4</orbitalPhi>
				<rotationalPeriod>50574</rotationalPeriod>
				<atmosphereDensity>15</atmosphereDensity>
				<biomeIds>advancedrocketry:moon,advancedrocketry:moondark</biomeIds>
			</planet>
			<planet name="Sol-12: 1" DIMID="14">
				<isKnown>false</isKnown>
				<fogColor>1.0,1.0,1.0</fogColor>
				<skyColor>0.037496865,0.5339819,1.0</skyColor>
				<gravitationalMultiplier>54</gravitationalMultiplier>
				<orbitalDistance>167</orbitalDistance>
				<orbitalPhi>-7</orbitalPhi>
				<rotationalPeriod>152415</rotationalPeriod>
				<atmosphereDensity>27</atmosphereDensity>
				<biomeIds>advancedrocketry:oceanspires,biomesoplenty:white_beach,biomesoplenty:kelp_forest,minecraft:forest,biomesoplenty:grassland</biomeIds>
			</planet>
			<planet name="Sol-12: 2" DIMID="15">
				<isKnown>false</isKnown>
				<fogColor>1.0,1.0,1.0</fogColor>
				<skyColor>0.017843246,0.78203,1.0</skyColor>
				<gravitationalMultiplier>44</gravitationalMultiplier>
				<orbitalDistance>183</orbitalDistance>
				<orbitalPhi>-1</orbitalPhi>
				<rotationalPeriod>281743</rotationalPeriod>
				<atmosphereDensity>33</atmosphereDensity>
				<biomeIds>advancedrocketry:deepswamp,minecraft:mushroom_island,biomesoplenty:undergarden,minecraft:mutated_swampland,twilightforest:twilight_highlands</biomeIds>
			</planet>
			<oceanBlock>minecraft:lava</oceanBlock>
		</planet>
		<planet name="Sol-30" DIMID="30">
			<isKnown>false</isKnown>
			<fogColor>1.0,1.0,1.0</fogColor>
			<skyColor>0.8,0.6344193,1.0</skyColor>
			<gravitationalMultiplier>130</gravitationalMultiplier>
			<orbitalDistance>27</orbitalDistance>
			<orbitalPhi>6</orbitalPhi>
			<rotationalPeriod>10923</rotationalPeriod>
			<atmosphereDensity>6</atmosphereDensity>
			<seaLevel>71</seaLevel>
			<biomeIds>advancedrocketry:moon,advancedrocketry:moondark</biomeIds>
			<planet name="Sol-30: 1" DIMID="32">
				<isKnown>false</isKnown>
				<fogColor>1.0,1.0,1.0</fogColor>
				<skyColor>0.3155148,0.5068786,1.0</skyColor>
				<gravitationalMultiplier>46</gravitationalMultiplier>
				<orbitalDistance>114</orbitalDistance>
				<orbitalPhi>-6</orbitalPhi>
				<rotationalPeriod>246568</rotationalPeriod>
				<atmosphereDensity>15</atmosphereDensity>
				<biomeIds>advancedrocketry:moon,advancedrocketry:moondark</biomeIds>
			</planet>
			<planet name="Sol-30: 2" DIMID="33">
				<isKnown>false</isKnown>
				<fogColor>1.0,1.0,1.0</fogColor>
				<skyColor>0.07195687,0.9792131,1.0</skyColor>
				<gravitationalMultiplier>71</gravitationalMultiplier>
				<orbitalDistance>166</orbitalDistance>
				<orbitalPhi>-7</orbitalPhi>
				<rotationalPeriod>67055</rotationalPeriod>
				<atmosphereDensity>29</atmosphereDensity>
				<biomeIds>biomesoplenty:cherry_blossom_grove,thebetweenlands:marsh_0,biomesoplenty:kelp_forest,traverse:autumnal_wooded_hills,biomesoplenty:flower_field</biomeIds>
			</planet>
			<planet name="Sol-30: 0" DIMID="31">
				<isKnown>false</isKnown>
				<fogColor>1.0,1.0,1.0</fogColor>
				<skyColor>0.12006807,0.5923325,1.0</skyColor>
				<gravitationalMultiplier>88</gravitationalMultiplier>
				<orbitalDistance>158</orbitalDistance>
				<orbitalPhi>-4</orbitalPhi>
				<rotationalPeriod>35217</rotationalPeriod>
				<atmosphereDensity>26</atmosphereDensity>
				<biomeIds>thebetweenlands:marsh_0,traverse:red_desert,erebus:fungal_forest,minecraft:forest_hills,minecraft:desert_hills</biomeIds>
			</planet>
		</planet>
	</star>
	<star name="Wolf 12" temp="10" x="300" y="-200" size="1.0" numPlanets="0" numGasGiants="0">
		<planet name="Sol-34" DIMID="34">
			<isKnown>false</isKnown>
			<fogColor>1.0,1.0,1.0</fogColor>
			<skyColor>0.8,0.7666111,0.0</skyColor>
			<gravitationalMultiplier>98</gravitationalMultiplier>
			<orbitalDistance>12</orbitalDistance>
			<orbitalPhi>0</orbitalPhi>
			<rotationalPeriod>25499</rotationalPeriod>
			<atmosphereDensity>145</atmosphereDensity>
			<biomeIds>advancedrocketry:hotdryrock</biomeIds>
			<oceanBlock>minecraft:lava</oceanBlock>
		</planet>
		<planet name="Sol-35" DIMID="35">
			<isKnown>false</isKnown>
			<fogColor>1.0,1.0,1.0</fogColor>
			<skyColor>0.7795129,0.653298,1.0</skyColor>
			<gravitationalMultiplier>130</gravitationalMultiplier>
			<orbitalDistance>174</orbitalDistance>
			<orbitalPhi>-1</orbitalPhi>
			<rotationalPeriod>10923</rotationalPeriod>
			<atmosphereDensity>123</atmosphereDensity>
			<biomeIds>erebus:underground_jungle</biomeIds>
			<planet name="Sol-35: 0" DIMID="36">
				<isKnown>false</isKnown>
				<fogColor>1.0,1.0,1.0</fogColor>
				<skyColor>0.23175335,0.5539216,1.0</skyColor>
				<gravitationalMultiplier>76</gravitationalMultiplier>
				<orbitalDistance>135</orbitalDistance>
				<orbitalPhi>-1</orbitalPhi>
				<rotationalPeriod>54672</rotationalPeriod>
				<atmosphereDensity>32</atmosphereDensity>
				<biomeIds>biomesoplenty:lush_swamp,biomesoplenty:mystic_grove,traverse:autumnal_woods,traverse:forested_hills,minecraft:roofed_forest</biomeIds>
			</planet>
			<planet name="Sol-35: 1" DIMID="37">
				<isKnown>false</isKnown>
				<fogColor>1.0,1.0,1.0</fogColor>
				<skyColor>0.11138457,0.8137517,1.0</skyColor>
				<gravitationalMultiplier>65</gravitationalMultiplier>
				<orbitalDistance>159</orbitalDistance>
				<orbitalPhi>0</orbitalPhi>
				<rotationalPeriod>87391</rotationalPeriod>
				<atmosphereDensity>32</atmosphereDensity>
				<biomeIds>biomesoplenty:shrubland,biomesoplenty:oasis,biomesoplenty:bamboo_forest,biomesoplenty:origin_beach,thebetweenlands:swamplands</biomeIds>
			</planet>
		</planet>
		<planet name="Sol-38" DIMID="38">
			<isKnown>false</isKnown>
			<fogColor>1.0,1.0,1.0</fogColor>
			<skyColor>0.37895614,0.9111992,1.0</skyColor>
			<gravitationalMultiplier>94</gravitationalMultiplier>
			<orbitalDistance>176</orbitalDistance>
			<orbitalPhi>-9</orbitalPhi>
			<rotationalPeriod>28895</rotationalPeriod>
			<atmosphereDensity>77</atmosphereDensity>
			<biomeIds>biomesoplenty:rainforest,biomesoplenty:oasis,minecraft:mutated_desert,erebus:ulterior_outback,minecraft:savanna</biomeIds>
		</planet>
		<planet name="Sol-39" DIMID="39">
			<isKnown>false</isKnown>
			<fogColor>1.0,1.0,1.0</fogColor>
			<skyColor>0.8,0.78114575,0.0</skyColor>
			<gravitationalMultiplier>130</gravitationalMultiplier>
			<orbitalDistance>95</orbitalDistance>
			<orbitalPhi>-4</orbitalPhi>
			<rotationalPeriod>10923</rotationalPeriod>
			<atmosphereDensity>200</atmosphereDensity>
			<seaLevel>76</seaLevel>
			<biomeIds>advancedrocketry:hotdryrock</biomeIds>
			<oceanBlock>minecraft:lava</oceanBlock>
		</planet>
		<planet name="Sol-40" DIMID="40">
			<isKnown>false</isKnown>
			<fogColor>1.0,1.0,1.0</fogColor>
			<skyColor>0.8,0.8744339,0.56126535</skyColor>
			<gravitationalMultiplier>130</gravitationalMultiplier>
			<orbitalDistance>57</orbitalDistance>
			<orbitalPhi>0</orbitalPhi>
			<rotationalPeriod>10923</rotationalPeriod>
			<atmosphereDensity>83</atmosphereDensity>
			<biomeIds>traverse:mini_jungle,biomesoplenty:flower_island,twilightforest:oak_savannah,erebus:fields_sub_forest,biomesoplenty:undergarden</biomeIds>
			<oceanBlock>minecraft:lava</oceanBlock>
		</planet>
	</star>
	<star name="Epsilon ire" temp="170" x="-200" y="80" size="1.0" numPlanets="0" numGasGiants="0">
		<planet name="Sol-49" DIMID="49">
			<isKnown>false</isKnown>
			<fogColor>1.0,1.0,1.0</fogColor>
			<skyColor>0.8,0.97514486,0.47753686</skyColor>
			<gravitationalMultiplier>88</gravitationalMultiplier>
			<orbitalDistance>173</orbitalDistance>
			<orbitalPhi>3</orbitalPhi>
			<rotationalPeriod>35217</rotationalPeriod>
			<atmosphereDensity>185</atmosphereDensity>
			<biomeIds>biomesoplenty:outback,twilightforest:deep_mushroom_forest,traverse:forested_hills,thebetweenlands:sludge_plains,biomesoplenty:mangrove,erebus:volcanic_desert,traverse:rocky_plains</biomeIds>
			<oceanBlock>minecraft:lava</oceanBlock>
		</planet>
		<planet name="Sol-50" DIMID="50">
			<isKnown>false</isKnown>
			<fogColor>1.0,1.0,1.0</fogColor>
			<skyColor>0.8,0.5672354,0.95410043</skyColor>
			<gravitationalMultiplier>130</gravitationalMultiplier>
			<orbitalDistance>98</orbitalDistance>
			<orbitalPhi>-3</orbitalPhi>
			<rotationalPeriod>10923</rotationalPeriod>
			<atmosphereDensity>65</atmosphereDensity>
			<biomeIds>minecraft:ice_flats</biomeIds>
		</planet>
		<planet name="Sol-51" DIMID="51">
			<isKnown>false</isKnown>
			<fogColor>1.0,1.0,1.0</fogColor>
			<skyColor>0.34400976,0.6572422,1.0</skyColor>
			<gravitationalMultiplier>121</gravitationalMultiplier>
			<orbitalDistance>147</orbitalDistance>
			<orbitalPhi>-2</orbitalPhi>
			<rotationalPeriod>13547</rotationalPeriod>
			<atmosphereDensity>38</atmosphereDensity>
			<biomeIds>erebus:ulterior_outback,erebus:subterranean_savannah,minecraft:birch_forest,advancedrocketry:oceanspires,traverse:birch_forested_hills</biomeIds>
			<planet name="Sol-51: 0" DIMID="52">
				<isKnown>false</isKnown>
				<fogColor>1.0,1.0,1.0</fogColor>
				<skyColor>0.43501812,0.71944857,1.0</skyColor>
				<gravitationalMultiplier>83</gravitationalMultiplier>
				<orbitalDistance>99</orbitalDistance>
				<orbitalPhi>-1</orbitalPhi>
				<rotationalPeriod>41973</rotationalPeriod>
				<atmosphereDensity>14</atmosphereDensity>
				<biomeIds>advancedrocketry:moon,advancedrocketry:moondark</biomeIds>
			</planet>
			<planet name="Sol-51: 1" DIMID="53">
				<isKnown>false</isKnown>
				<fogColor>1.0,1.0,1.0</fogColor>
				<skyColor>0.37485468,0.92486537,1.0</skyColor>
				<gravitationalMultiplier>52</gravitationalMultiplier>
				<orbitalDistance>133</orbitalDistance>
				<orbitalPhi>1</orbitalPhi>
				<rotationalPeriod>161206</rotationalPeriod>
				<atmosphereDensity>31</atmosphereDensity>
				<seaLevel>74</seaLevel>
				<biomeIds>biomesoplenty:mountain_foothills,biomesoplenty:cherry_blossom_grove,twilightforest:fire_swamp,erebus:ulterior_outback,minecraft:smaller_extreme_hills</biomeIds>
			</planet>
			<planet name="Sol-51: 2" DIMID="54">
				<isKnown>false</isKnown>
				<fogColor>1.0,1.0,1.0</fogColor>
				<skyColor>0.0,0.56787443,1.0</skyColor>
				<gravitationalMultiplier>64</gravitationalMultiplier>
				<orbitalDistance>170</orbitalDistance>
				<orbitalPhi>-1</orbitalPhi>
				<rotationalPeriod>91552</rotationalPeriod>
				<atmosphereDensity>21</atmosphereDensity>
				<seaLevel>82</seaLevel>
				<biomeIds>advancedrocketry:moon,advancedrocketry:moondark</biomeIds>
				<oceanBlock>advancedrocketry:oxygenfluid</oceanBlock>
			</planet>
		</planet>
		<planet name="Sol-55" DIMID="55">
			<isKnown>false</isKnown>
			<fogColor>1.0,1.0,1.0</fogColor>
			<skyColor>0.8,0.9986688,0.57834196</skyColor>
			<gravitationalMultiplier>130</gravitationalMultiplier>
			<orbitalDistance>133</orbitalDistance>
			<orbitalPhi>-7</orbitalPhi>
			<rotationalPeriod>10923</rotationalPeriod>
			<atmosphereDensity>135</atmosphereDensity>
			<biomeIds>biomesoplenty:wetland,biomesoplenty:kelp_forest,minecraft:roofed_forest,twilightforest:fire_swamp,minecraft:jungle_hills,erebus:volcanic_desert,traverse:rocky_plains</biomeIds>
			<planet name="Sol-55: 0" DIMID="56">
				<isKnown>false</isKnown>
				<fogColor>1.0,1.0,1.0</fogColor>
				<skyColor>0.0,0.9851521,1.0</skyColor>
				<gravitationalMultiplier>48</gravitationalMultiplier>
				<orbitalDistance>191</orbitalDistance>
				<orbitalPhi>-4</orbitalPhi>
				<rotationalPeriod>217013</rotationalPeriod>
				<atmosphereDensity>34</atmosphereDensity>
				<biomeIds>minecraft:savanna_rock,biomesoplenty:overgrown_cliffs,traverse:forested_hills,erebus:fields_sub_forest,biomesoplenty:bayou</biomeIds>
			</planet>
			<planet name="Sol-55: 1" DIMID="57">
				<isKnown>false</isKnown>
				<fogColor>1.0,1.0,1.0</fogColor>
				<skyColor>0.4345522,0.85560596,1.0</skyColor>
				<gravitationalMultiplier>71</gravitationalMultiplier>
				<orbitalDistance>102</orbitalDistance>
				<orbitalPhi>0</orbitalPhi>
				<rotationalPeriod>67055</rotationalPeriod>
				<atmosphereDensity>16</atmosphereDensity>
				<seaLevel>76</seaLevel>
				<biomeIds>advancedrocketry:moon,advancedrocketry:moondark</biomeIds>
			</planet>
			<planet name="Sol-55: 2" DIMID="58">
				<isKnown>false</isKnown>
				<fogColor>1.0,1.0,1.0</fogColor>
				<skyColor>0.16971493,0.9870083,1.0</skyColor>
				<gravitationalMultiplier>65</gravitationalMultiplier>
				<orbitalDistance>162</orbitalDistance>
				<orbitalPhi>-1</orbitalPhi>
				<rotationalPeriod>87391</rotationalPeriod>
				<atmosphereDensity>29</atmosphereDensity>
				<biomeIds>biomesoplenty:undergarden,biomesoplenty:steppe,minecraft:mutated_plains,minecraft:mutated_mesa_clear_rock,erebus:submerged_swamp</biomeIds>
			</planet>
			<oceanBlock>minecraft:lava</oceanBlock>
		</planet>
		<planet name="Sol-41" DIMID="41">
			<isKnown>false</isKnown>
			<fogColor>1.0,1.0,1.0</fogColor>
			<skyColor>0.8,0.56669724,0.0</skyColor>
			<gravitationalMultiplier>114</gravitationalMultiplier>
			<orbitalDistance>8</orbitalDistance>
			<orbitalPhi>-2</orbitalPhi>
			<rotationalPeriod>16199</rotationalPeriod>
			<atmosphereDensity>187</atmosphereDensity>
			<seaLevel>79</seaLevel>
			<biomeIds>advancedrocketry:hotdryrock</biomeIds>
			<planet name="Sol-41: 0" DIMID="42">
				<isKnown>false</isKnown>
				<fogColor>1.0,1.0,1.0</fogColor>
				<skyColor>0.5465261,0.9938787,1.0</skyColor>
				<gravitationalMultiplier>55</gravitationalMultiplier>
				<orbitalDistance>102</orbitalDistance>
				<orbitalPhi>-1</orbitalPhi>
				<rotationalPeriod>144252</rotationalPeriod>
				<atmosphereDensity>30</atmosphereDensity>
				<biomeIds>erebus:ulterior_outback,biomesoplenty:chaparral,biomesoplenty:bamboo_forest,minecraft:mutated_birch_forest,biomesoplenty:temperate_rainforest</biomeIds>
			</planet>
			<planet name="Sol-41: 1" DIMID="43">
				<isKnown>false</isKnown>
				<fogColor>1.0,1.0,1.0</fogColor>
				<skyColor>0.13471925,0.647733,1.0</skyColor>
				<gravitationalMultiplier>52</gravitationalMultiplier>
				<orbitalDistance>150</orbitalDistance>
				<orbitalPhi>-3</orbitalPhi>
				<rotationalPeriod>161206</rotationalPeriod>
				<atmosphereDensity>20</atmosphereDensity>
				<biomeIds>advancedrocketry:moon,advancedrocketry:moondark</biomeIds>
			</planet>
			<oceanBlock>minecraft:lava</oceanBlock>
		</planet>
		<planet name="Sol-44" DIMID="44">
			<isKnown>false</isKnown>
			<fogColor>1.0,1.0,1.0</fogColor>
			<skyColor>0.8,0.996204,0.90688694</skyColor>
			<gravitationalMultiplier>110</gravitationalMultiplier>
			<orbitalDistance>96</orbitalDistance>
			<orbitalPhi>-3</orbitalPhi>
			<rotationalPeriod>18031</rotationalPeriod>
			<atmosphereDensity>73</atmosphereDensity>
			<biomeIds>minecraft:mutated_extreme_hills_with_trees,minecraft:mutated_redwood_taiga_hills,biomesoplenty:mountain,minecraft:extreme_hills_with_trees,biomesoplenty:grove</biomeIds>
			<planet name="Sol-44: 0" DIMID="45">
				<isKnown>false</isKnown>
				<fogColor>1.0,1.0,1.0</fogColor>
				<skyColor>0.0,0.86841977,1.0</skyColor>
				<gravitationalMultiplier>66</gravitationalMultiplier>
				<orbitalDistance>198</orbitalDistance>
				<orbitalPhi>4</orbitalPhi>
				<rotationalPeriod>83479</rotationalPeriod>
				<atmosphereDensity>19</atmosphereDensity>
				<biomeIds>advancedrocketry:moon,advancedrocketry:moondark</biomeIds>
			</planet>
		</planet>
		<planet name="Sol-46" DIMID="46">
			<isKnown>false</isKnown>
			<fogColor>1.0,1.0,1.0</fogColor>
			<skyColor>0.14742208,0.70818335,1.0</skyColor>
			<gravitationalMultiplier>130</gravitationalMultiplier>
			<orbitalDistance>160</orbitalDistance>
			<orbitalPhi>0</orbitalPhi>
			<rotationalPeriod>10923</rotationalPeriod>
			<atmosphereDensity>23</atmosphereDensity>
			<biomeIds>advancedrocketry:moon,advancedrocketry:moondark</biomeIds>
			<planet name="Sol-46: 1" DIMID="48">
				<isKnown>false</isKnown>
				<fogColor>1.0,1.0,1.0</fogColor>
				<skyColor>0.24985951,0.64552736,1.0</skyColor>
				<gravitationalMultiplier>71</gravitationalMultiplier>
				<orbitalDistance>133</orbitalDistance>
				<orbitalPhi>-1</orbitalPhi>
				<rotationalPeriod>67055</rotationalPeriod>
				<atmosphereDensity>16</atmosphereDensity>
				<biomeIds>advancedrocketry:moon,advancedrocketry:moondark</biomeIds>
			</planet>
			<planet name="Sol-46: 0" DIMID="47">
				<isKnown>false</isKnown>
				<fogColor>1.0,1.0,1.0</fogColor>
				<skyColor>0.65029734,0.5693874,1.0</skyColor>
				<gravitationalMultiplier>57</gravitationalMultiplier>
				<orbitalDistance>101</orbitalDistance>
				<orbitalPhi>-1</orbitalPhi>
				<rotationalPeriod>129594</rotationalPeriod>
				<atmosphereDensity>37</atmosphereDensity>
				<seaLevel>67</seaLevel>
				<biomeIds>minecraft:ice_flats</biomeIds>
			</planet>
		</planet>
	</star>
	<star name="Proxima Centaurs" temp="200" x="-150" y="250" size="1.0" numPlanets="0" numGasGiants="0">
		<planet name="Sol-59" DIMID="59">
			<isKnown>false</isKnown>
			<fogColor>1.0,1.0,1.0</fogColor>
			<skyColor>0.8,0.8810154,0.0</skyColor>
			<gravitationalMultiplier>99</gravitationalMultiplier>
			<orbitalDistance>47</orbitalDistance>
			<orbitalPhi>0</orbitalPhi>
			<rotationalPeriod>24734</rotationalPeriod>
			<atmosphereDensity>188</atmosphereDensity>
			<biomeIds>advancedrocketry:hotdryrock</biomeIds>
			<oceanBlock>minecraft:lava</oceanBlock>
		</planet>
		<planet name="Sol-60" DIMID="60">
			<isKnown>false</isKnown>
			<fogColor>1.0,1.0,1.0</fogColor>
			<skyColor>0.8,0.7700143,0.5615433</skyColor>
			<gravitationalMultiplier>130</gravitationalMultiplier>
			<orbitalDistance>107</orbitalDistance>
			<orbitalPhi>-2</orbitalPhi>
			<rotationalPeriod>10923</rotationalPeriod>
			<atmosphereDensity>113</atmosphereDensity>
			<biomeIds>minecraft:ice_flats</biomeIds>
			<planet name="Sol-60: 0" DIMID="61">
				<isKnown>false</isKnown>
				<fogColor>1.0,1.0,1.0</fogColor>
				<skyColor>0.037452996,0.84129083,1.0</skyColor>
				<gravitationalMultiplier>49</gravitationalMultiplier>
				<orbitalDistance>171</orbitalDistance>
				<orbitalPhi>-2</orbitalPhi>
				<rotationalPeriod>203996</rotationalPeriod>
				<atmosphereDensity>19</atmosphereDensity>
				<biomeIds>advancedrocketry:moon,advancedrocketry:moondark</biomeIds>
			</planet>
			<planet name="Sol-60: 1" DIMID="62">
				<isKnown>false</isKnown>
				<fogColor>1.0,1.0,1.0</fogColor>
				<skyColor>0.576916,0.64174926,1.0</skyColor>
				<gravitationalMultiplier>79</gravitationalMultiplier>
				<orbitalDistance>115</orbitalDistance>
				<orbitalPhi>-3</orbitalPhi>
				<rotationalPeriod>48677</rotationalPeriod>
				<atmosphereDensity>36</atmosphereDensity>
				<seaLevel>69</seaLevel>
				<biomeIds>twilightforest:twilight_lake,minecraft:mutated_extreme_hills_with_trees,biomesoplenty:rainforest,twilightforest:fire_swamp,twilightforest:twilight_forest</biomeIds>
			</planet>
			<oceanBlock>minecraft:lava</oceanBlock>
		</planet>
		<planet name="Sol-63" DIMID="63">
			<isKnown>false</isKnown>
			<fogColor>1.0,1.0,1.0</fogColor>
			<skyColor>0.1679622,0.9902998,1.0</skyColor>
			<gravitationalMultiplier>101</gravitationalMultiplier>
			<orbitalDistance>130</orbitalDistance>
			<orbitalPhi>0</orbitalPhi>
			<rotationalPeriod>23294</rotationalPeriod>
			<atmosphereDensity>0</atmosphereDensity>
			<seaLevel>75</seaLevel>
			<biomeIds>advancedrocketry:moon,advancedrocketry:moondark</biomeIds>
			<planet name="Sol-63: 0" DIMID="64">
				<isKnown>false</isKnown>
				<fogColor>1.0,1.0,1.0</fogColor>
				<skyColor>0.018814147,0.9333793,1.0</skyColor>
				<gravitationalMultiplier>70</gravitationalMultiplier>
				<orbitalDistance>179</orbitalDistance>
				<orbitalPhi>-2</orbitalPhi>
				<rotationalPeriod>69970</rotationalPeriod>
				<atmosphereDensity>31</atmosphereDensity>
				<biomeIds>twilightforest:dense_twilight_forest,twilightforest:oak_savannah,minecraft:extreme_hills_with_trees,twilightforest:firefly_forest,twilightforest:highlands_center</biomeIds>
			</planet>
			<planet name="Sol-63: 1" DIMID="65">
				<isKnown>false</isKnown>
				<fogColor>1.0,1.0,1.0</fogColor>
				<skyColor>0.0,0.5098179,1.0</skyColor>
				<gravitationalMultiplier>69</gravitationalMultiplier>
				<orbitalDistance>185</orbitalDistance>
				<orbitalPhi>0</orbitalPhi>
				<rotationalPeriod>73057</rotationalPeriod>
				<atmosphereDensity>26</atmosphereDensity>
				<seaLevel>50</seaLevel>
				<biomeIds>biomesoplenty:mountain_foothills,minecraft:smaller_extreme_hills,biomesoplenty:land_of_lakes,twilightforest:twilight_lake,biomesoplenty:steppe</biomeIds>
			</planet>
			<oceanBlock>advancedrocketry:oxygenfluid</oceanBlock>
		</planet>
	</star>
	<star name="Magnis Vulpes" temp="70" x="-150" y="-250" size="1.0" numPlanets="0" numGasGiants="0">
		<planet name="Sol-67" DIMID="67">
			<isKnown>false</isKnown>
			<fogColor>1.0,1.0,1.0</fogColor>
			<skyColor>0.8,0.60800076,0.0</skyColor>
			<gravitationalMultiplier>130</gravitationalMultiplier>
			<orbitalDistance>76</orbitalDistance>
			<orbitalPhi>2</orbitalPhi>
			<rotationalPeriod>10923</rotationalPeriod>
			<atmosphereDensity>171</atmosphereDensity>
			<biomeIds>advancedrocketry:hotdryrock</biomeIds>
			<planet name="Sol-67: 0" DIMID="68">
				<isKnown>false</isKnown>
				<fogColor>1.0,1.0,1.0</fogColor>
				<skyColor>0.20301825,0.7373026,1.0</skyColor>
				<gravitationalMultiplier>57</gravitationalMultiplier>
				<orbitalDistance>154</orbitalDistance>
				<orbitalPhi>-1</orbitalPhi>
				<rotationalPeriod>129594</rotationalPeriod>
				<atmosphereDensity>32</atmosphereDensity>
				<biomeIds>twilightforest:twilight_highlands,traverse:meadow,twilightforest:thornlands,twilightforest:dark_forest,biomesoplenty:eucalyptus_forest</biomeIds>
			</planet>
			<planet name="Sol-67: 1" DIMID="69">
				<isKnown>false</isKnown>
				<fogColor>1.0,1.0,1.0</fogColor>
				<skyColor>0.4848563,0.74348754,1.0</skyColor>
				<gravitationalMultiplier>84</gravitationalMultiplier>
				<orbitalDistance>118</orbitalDistance>
				<orbitalPhi>-5</orbitalPhi>
				<rotationalPeriod>40492</rotationalPeriod>
				<atmosphereDensity>35</atmosphereDensity>
				<biomeIds>minecraft:forest_hills,minecraft:savanna,traverse:woodlands,biomesoplenty:rainforest,advancedrocketry:deepswamp</biomeIds>
			</planet>
			<oceanBlock>minecraft:lava</oceanBlock>
		</planet>
		<planet name="Sol-70" DIMID="70">
			<isKnown>false</isKnown>
			<fogColor>1.0,1.0,1.0</fogColor>
			<skyColor>0.8,0.8933927,0.57012045</skyColor>
			<gravitationalMultiplier>104</gravitationalMultiplier>
			<orbitalDistance>73</orbitalDistance>
			<orbitalPhi>2</orbitalPhi>
			<rotationalPeriod>20732</rotationalPeriod>
			<atmosphereDensity>89</atmosphereDensity>
			<biomeIds>minecraft:mushroom_island</biomeIds>
			<planet name="Sol-70: 0" DIMID="71">
				<isKnown>false</isKnown>
				<fogColor>1.0,1.0,1.0</fogColor>
				<skyColor>0.3632096,0.7090825,1.0</skyColor>
				<gravitationalMultiplier>28</gravitationalMultiplier>
				<orbitalDistance>122</orbitalDistance>
				<orbitalPhi>-2</orbitalPhi>
				<rotationalPeriod>1093294</rotationalPeriod>
				<atmosphereDensity>23</atmosphereDensity>
				<biomeIds>advancedrocketry:moon,advancedrocketry:moondark</biomeIds>
			</planet>
			<planet name="Sol-70: 1" DIMID="72">
				<isKnown>false</isKnown>
				<fogColor>1.0,1.0,1.0</fogColor>
				<skyColor>0.18563414,0.98787993,1.0</skyColor>
				<gravitationalMultiplier>48</gravitationalMultiplier>
				<orbitalDistance>158</orbitalDistance>
				<orbitalPhi>0</orbitalPhi>
				<rotationalPeriod>217013</rotationalPeriod>
				<atmosphereDensity>34</atmosphereDensity>
				<biomeIds>biomesoplenty:highland,minecraft:birch_forest,minecraft:extreme_hills,biomesoplenty:wasteland,minecraft:mutated_mesa_rock</biomeIds>
			</planet>
			<planet name="Sol-70: 2" DIMID="73">
				<isKnown>false</isKnown>
				<fogColor>1.0,1.0,1.0</fogColor>
				<skyColor>0.24469447,0.88358605,1.0</skyColor>
				<gravitationalMultiplier>30</gravitationalMultiplier>
				<orbitalDistance>140</orbitalDistance>
				<orbitalPhi>-3</orbitalPhi>
				<rotationalPeriod>888888</rotationalPeriod>
				<atmosphereDensity>28</atmosphereDensity>
				<biomeIds>minecraft:desert_hills,traverse:arid_highland,traverse:autumnal_woods,biomesoplenty:wetland,minecraft:jungle</biomeIds>
			</planet>
			<oceanBlock>minecraft:lava</oceanBlock>
		</planet>
	</star>
	<star name="Ma-Roo" temp="200" x="50" y="-250" size="1.0" numPlanets="0" numGasGiants="0">
		<planet name="Sol-82" DIMID="82">
			<isKnown>false</isKnown>
			<fogColor>1.0,1.0,1.0</fogColor>
			<skyColor>0.8,0.50728965,0.55700815</skyColor>
			<gravitationalMultiplier>130</gravitationalMultiplier>
			<orbitalDistance>169</orbitalDistance>
			<orbitalPhi>-5</orbitalPhi>
			<rotationalPeriod>10923</rotationalPeriod>
			<atmosphereDensity>170</atmosphereDensity>
			<biomeIds>twilightforest:deep_mushroom_forest,biomesoplenty:ominous_woods,twilightforest:dark_forest,twilightforest:mushroom_forest,biomesoplenty:tropical_island,erebus:volcanic_desert,traverse:rocky_plains</biomeIds>
			<planet name="Sol-82: 0" DIMID="83">
				<isKnown>false</isKnown>
				<fogColor>1.0,1.0,1.0</fogColor>
				<skyColor>0.03856647,0.9765431,1.0</skyColor>
				<gravitationalMultiplier>68</gravitationalMultiplier>
				<orbitalDistance>153</orbitalDistance>
				<orbitalPhi>0</orbitalPhi>
				<rotationalPeriod>76328</rotationalPeriod>
				<atmosphereDensity>13</atmosphereDensity>
				<biomeIds>advancedrocketry:moon,advancedrocketry:moondark</biomeIds>
			</planet>
			<planet name="Sol-82: 1" DIMID="84">
				<isKnown>false</isKnown>
				<fogColor>1.0,1.0,1.0</fogColor>
				<skyColor>0.5723746,0.82293653,1.0</skyColor>
				<gravitationalMultiplier>52</gravitationalMultiplier>
				<orbitalDistance>104</orbitalDistance>
				<orbitalPhi>1</orbitalPhi>
				<rotationalPeriod>170687</rotationalPeriod>
				<atmosphereDensity>28</atmosphereDensity>
				<biomeIds>minecraft:ice_flats</biomeIds>
			</planet>
			<oceanBlock>minecraft:lava</oceanBlock>
		</planet>
		<planet name="Sol-85" DIMID="85">
			<isKnown>false</isKnown>
			<fogColor>1.0,1.0,1.0</fogColor>
			<skyColor>0.8,0.8219969,0.0</skyColor>
			<gravitationalMultiplier>130</gravitationalMultiplier>
			<orbitalDistance>2</orbitalDistance>
			<orbitalPhi>-4</orbitalPhi>
			<rotationalPeriod>10923</rotationalPeriod>
			<atmosphereDensity>139</atmosphereDensity>
			<biomeIds>advancedrocketry:hotdryrock</biomeIds>
			<planet name="Sol-85: 0" DIMID="86">
				<isKnown>false</isKnown>
				<fogColor>1.0,1.0,1.0</fogColor>
				<skyColor>0.41572338,0.71454394,1.0</skyColor>
				<gravitationalMultiplier>62</gravitationalMultiplier>
				<orbitalDistance>125</orbitalDistance>
				<orbitalPhi>-1</orbitalPhi>
				<rotationalPeriod>100701</rotationalPeriod>
				<atmosphereDensity>33</atmosphereDensity>
				<biomeIds>minecraft:mutated_birch_forest_hills,minecraft:ocean,biomesoplenty:chaparral,twilightforest:deep_mushroom_forest,biomesoplenty:lavender_fields</biomeIds>
			</planet>
			<planet name="Sol-85: 1" DIMID="87">
				<isKnown>false</isKnown>
				<fogColor>1.0,1.0,1.0</fogColor>
				<skyColor>0.28160888,0.677423,1.0</skyColor>
				<gravitationalMultiplier>85</gravitationalMultiplier>
				<orbitalDistance>132</orbitalDistance>
				<orbitalPhi>-5</orbitalPhi>
				<rotationalPeriod>39079</rotationalPeriod>
				<atmosphereDensity>19</atmosphereDensity>
				<biomeIds>advancedrocketry:moon,advancedrocketry:moondark</biomeIds>
			</planet>
			<planet name="Sol-85: 2" DIMID="88">
				<isKnown>false</isKnown>
				<fogColor>1.0,1.0,1.0</fogColor>
				<skyColor>0.04752904,0.9453207,1.0</skyColor>
				<gravitationalMultiplier>58</gravitationalMultiplier>
				<orbitalDistance>176</orbitalDistance>
				<orbitalPhi>-6</orbitalPhi>
				<rotationalPeriod>116857</rotationalPeriod>
				<atmosphereDensity>26</atmosphereDensity>
				<biomeIds>traverse:rocky_plateau,erebus:fields_sub_forest,traverse:forested_hills,minecraft:mutated_extreme_hills,biomesoplenty:lush_swamp</biomeIds>
			</planet>
			<oceanBlock>minecraft:lava</oceanBlock>
		</planet>
		<planet name="Sol-89" DIMID="89">
			<isKnown>false</isKnown>
			<fogColor>1.0,1.0,1.0</fogColor>
			<skyColor>0.4016816,0.65359855,1.0</skyColor>
			<gravitationalMultiplier>130</gravitationalMultiplier>
			<orbitalDistance>165</orbitalDistance>
			<orbitalPhi>1</orbitalPhi>
			<rotationalPeriod>10923</rotationalPeriod>
			<atmosphereDensity>56</atmosphereDensity>
			<biomeIds>biomesoplenty:grove,traverse:badlands,minecraft:mesa_clear_rock,traverse:canyon,biomesoplenty:pasture</biomeIds>
			<planet name="Sol-89: 0" DIMID="90">
				<isKnown>false</isKnown>
				<fogColor>1.0,1.0,1.0</fogColor>
				<skyColor>0.0,0.6651904,1.0</skyColor>
				<gravitationalMultiplier>44</gravitationalMultiplier>
				<orbitalDistance>182</orbitalDistance>
				<orbitalPhi>-1</orbitalPhi>
				<rotationalPeriod>281743</rotationalPeriod>
				<atmosphereDensity>27</atmosphereDensity>
				<biomeIds>minecraft:mutated_mesa,biomesoplenty:overgrown_cliffs,traverse:green_swamp,biomesoplenty:brushland,biomesoplenty:oasis</biomeIds>
			</planet>
		</planet>
		<planet name="Sol-74" DIMID="74">
			<isKnown>false</isKnown>
			<fogColor>1.0,1.0,1.0</fogColor>
			<skyColor>0.8,0.5148102,0.0</skyColor>
			<gravitationalMultiplier>114</gravitationalMultiplier>
			<orbitalDistance>57</orbitalDistance>
			<orbitalPhi>-6</orbitalPhi>
			<rotationalPeriod>16199</rotationalPeriod>
			<atmosphereDensity>188</atmosphereDensity>
			<biomeIds>advancedrocketry:hotdryrock</biomeIds>
			<planet name="Sol-74: 0" DIMID="75">
				<isKnown>false</isKnown>
				<fogColor>1.0,1.0,1.0</fogColor>
				<skyColor>0.413943,0.8901025,1.0</skyColor>
				<gravitationalMultiplier>79</gravitationalMultiplier>
				<orbitalDistance>115</orbitalDistance>
				<orbitalPhi>-1</orbitalPhi>
				<rotationalPeriod>48677</rotationalPeriod>
				<atmosphereDensity>21</atmosphereDensity>
				<seaLevel>77</seaLevel>
				<biomeIds>advancedrocketry:moon,advancedrocketry:moondark</biomeIds>
				<oceanBlock>advancedrocketry:oxygenfluid</oceanBlock>
			</planet>
			<planet name="Sol-74: 1" DIMID="76">
				<isKnown>false</isKnown>
				<fogColor>1.0,1.0,1.0</fogColor>
				<skyColor>0.20224977,0.8583847,1.0</skyColor>
				<gravitationalMultiplier>80</gravitationalMultiplier>
				<orbitalDistance>149</orbitalDistance>
				<orbitalPhi>-3</orbitalPhi>
				<rotationalPeriod>46875</rotationalPeriod>
				<atmosphereDensity>23</atmosphereDensity>
				<biomeIds>advancedrocketry:moon,advancedrocketry:moondark</biomeIds>
			</planet>
			<oceanBlock>minecraft:lava</oceanBlock>
		</planet>
		<planet name="Sol-77" DIMID="77">
			<isKnown>false</isKnown>
			<fogColor>1.0,1.0,1.0</fogColor>
			<skyColor>0.7420633,0.968631,1.0</skyColor>
			<gravitationalMultiplier>92</gravitationalMultiplier>
			<orbitalDistance>138</orbitalDistance>
			<orbitalPhi>-4</orbitalPhi>
			<rotationalPeriod>30821</rotationalPeriod>
			<atmosphereDensity>72</atmosphereDensity>
			<biomeIds>thebetweenlands:sludge_plains,minecraft:jungle_hills,minecraft:smaller_extreme_hills,minecraft:mutated_mesa_rock,minecraft:mutated_savanna_rock</biomeIds>
		</planet>
		<planet name="Sol-78" DIMID="78">
			<isKnown>false</isKnown>
			<hasRings>true</hasRings>
			<ringColor>0.34965515,0.896551,1.0</ringColor>
			<fogColor>1.0,1.0,1.0</fogColor>
			<skyColor>0.34965515,0.896551,1.0</skyColor>
			<gravitationalMultiplier>130</gravitationalMultiplier>
			<orbitalDistance>191</orbitalDistance>
			<orbitalPhi>0</orbitalPhi>
			<rotationalPeriod>10923</rotationalPeriod>
			<atmosphereDensity>72</atmosphereDensity>
			<biomeIds>traverse:meadow,minecraft:birch_forest,minecraft:extreme_hills_with_trees,twilightforest:twilight_swamp,twilightforest:firefly_forest</biomeIds>
			<planet name="Sol-78: 1" DIMID="80">
				<isKnown>false</isKnown>
				<fogColor>1.0,1.0,1.0</fogColor>
				<skyColor>0.57972205,0.7347385,1.0</skyColor>
				<gravitationalMultiplier>57</gravitationalMultiplier>
				<orbitalDistance>119</orbitalDistance>
				<orbitalPhi>0</orbitalPhi>
				<rotationalPeriod>129594</rotationalPeriod>
				<atmosphereDensity>37</atmosphereDensity>
				<biomeIds>traverse:canyon,minecraft:jungle_edge,traverse:forested_hills,minecraft:smaller_extreme_hills,traverse:badlands</biomeIds>
			</planet>
			<planet name="Sol-78: 2" DIMID="81">
				<isKnown>false</isKnown>
				<fogColor>1.0,1.0,1.0</fogColor>
				<skyColor>0.31208456,0.9362203,1.0</skyColor>
				<gravitationalMultiplier>42</gravitationalMultiplier>
				<orbitalDistance>146</orbitalDistance>
				<orbitalPhi>-3</orbitalPhi>
				<rotationalPeriod>323939</rotationalPeriod>
				<atmosphereDensity>35</atmosphereDensity>
				<biomeIds>erebus:fields_sub_forest,thebetweenlands:patchy_islands,biomesoplenty:wetland,twilightforest:thornlands,biomesoplenty:cherry_blossom_grove</biomeIds>
			</planet>
			<planet name="Sol-78: 0" DIMID="79">
				<isKnown>false</isKnown>
				<fogColor>1.0,1.0,1.0</fogColor>
				<skyColor>0.0,0.85311717,1.0</skyColor>
				<gravitationalMultiplier>88</gravitationalMultiplier>
				<orbitalDistance>183</orbitalDistance>
				<orbitalPhi>-5</orbitalPhi>
				<rotationalPeriod>35217</rotationalPeriod>
				<atmosphereDensity>24</atmosphereDensity>
				<biomeIds>advancedrocketry:moon,advancedrocketry:moondark</biomeIds>
			</planet>
		</planet>
	</star>
	<star name="Alykitt" temp="120" x="75" y="200" size="1.0" numPlanets="0" numGasGiants="0">
		<planet name="Sol-96" DIMID="96">
			<isKnown>false</isKnown>
			<fogColor>1.0,1.0,1.0</fogColor>
			<skyColor>0.31200707,0.8557043,1.0</skyColor>
			<gravitationalMultiplier>130</gravitationalMultiplier>
			<orbitalDistance>183</orbitalDistance>
			<orbitalPhi>2</orbitalPhi>
			<rotationalPeriod>10923</rotationalPeriod>
			<atmosphereDensity>70</atmosphereDensity>
			<biomeIds>biomesoplenty:undergarden,traverse:mini_jungle,twilightforest:twilight_stream,traverse:red_desert,minecraft:mutated_jungle</biomeIds>
		</planet>
		<planet name="Sol-91" DIMID="91">
			<isKnown>false</isKnown>
			<GasGiant>true</GasGiant>
			<gas>nitrogen</gas>
			<gas>hydrogen</gas>
			<gas>oxygen</gas>
			<fogColor>1.0,1.0,1.0</fogColor>
			<skyColor>1.0,1.0,1.0</skyColor>
			<gravitationalMultiplier>94</gravitationalMultiplier>
			<orbitalDistance>200</orbitalDistance>
			<orbitalPhi>0</orbitalPhi>
			<rotationalPeriod>24000</rotationalPeriod>
			<atmosphereDensity>183</atmosphereDensity>
		</planet>
		<planet name="Sol-92" DIMID="92">
			<isKnown>false</isKnown>
			<fogColor>1.0,1.0,1.0</fogColor>
			<skyColor>0.8,0.6062053,0.0</skyColor>
			<gravitationalMultiplier>130</gravitationalMultiplier>
			<orbitalDistance>5</orbitalDistance>
			<orbitalPhi>0</orbitalPhi>
			<rotationalPeriod>10923</rotationalPeriod>
			<atmosphereDensity>180</atmosphereDensity>
			<biomeIds>advancedrocketry:hotdryrock</biomeIds>
			<planet name="Sol-92: 0" DIMID="93">
				<isKnown>false</isKnown>
				<fogColor>1.0,1.0,1.0</fogColor>
				<skyColor>0.0,0.9894916,1.0</skyColor>
				<gravitationalMultiplier>86</gravitationalMultiplier>
				<orbitalDistance>177</orbitalDistance>
				<orbitalPhi>3</orbitalPhi>
				<rotationalPeriod>37732</rotationalPeriod>
				<atmosphereDensity>15</atmosphereDensity>
				<seaLevel>73</seaLevel>
				<biomeIds>advancedrocketry:moon,advancedrocketry:moondark</biomeIds>
				<oceanBlock>advancedrocketry:oxygenfluid</oceanBlock>
			</planet>
			<planet name="Sol-92: 1" DIMID="94">
				<isKnown>false</isKnown>
				<fogColor>1.0,1.0,1.0</fogColor>
				<skyColor>0.5440882,0.7165889,1.0</skyColor>
				<gravitationalMultiplier>66</gravitationalMultiplier>
				<orbitalDistance>100</orbitalDistance>
				<orbitalPhi>2</orbitalPhi>
				<rotationalPeriod>83479</rotationalPeriod>
				<atmosphereDensity>28</atmosphereDensity>
				<biomeIds>traverse:badlands,biomesoplenty:bayou,thebetweenlands:swamplands,biomesoplenty:pasture,biomesoplenty:corrupted_sands</biomeIds>
			</planet>
			<oceanBlock>minecraft:lava</oceanBlock>
		</planet>
		<planet name="Sol-95" DIMID="95">
			<isKnown>false</isKnown>
			<fogColor>1.0,1.0,1.0</fogColor>
			<skyColor>0.8,0.7680555,1.0</skyColor>
			<gravitationalMultiplier>96</gravitationalMultiplier>
			<orbitalDistance>105</orbitalDistance>
			<orbitalPhi>-6</orbitalPhi>
			<rotationalPeriod>27126</rotationalPeriod>
			<atmosphereDensity>63</atmosphereDensity>
			<biomeIds>erebus:underground_jungle</biomeIds>
		</planet>
	</star>
</galaxy>