<galaxy>
	<star name="Sol" temp="100" x="0" y="0" size="1.0" numPlanets="0" numGasGiants="0">
		<planet name="Sol-16" DIMID="16">
			<isKnown>false</isKnown>
			<fogColor>1.0,1.0,1.0</fogColor>
			<skyColor>0.0,0.87874377,1.0</skyColor>
			<gravitationalMultiplier>124</gravitationalMultiplier>
			<orbitalDistance>178</orbitalDistance>
			<orbitalPhi>0</orbitalPhi>
			<rotationalPeriod>12587</rotationalPeriod>
			<atmosphereDensity>10</atmosphereDensity>
			<biomeIds>advancedrocketry:moon,advancedrocketry:moondark</biomeIds>
		</planet>
		<planet name="Earth" DIMID="0" dimMapping="">
			<isKnown>true</isKnown>
			<fogColor>1.0,1.0,1.0</fogColor>
			<skyColor>1.0,1.0,1.0</skyColor>
			<gravitationalMultiplier>100</gravitationalMultiplier>
			<orbitalDistance>100</orbitalDistance>
			<orbitalPhi>0</orbitalPhi>
			<rotationalPeriod>24000</rotationalPeriod>
			<atmosphereDensity>100</atmosphereDensity>
			<planet name="Luna" DIMID="3">
				<isKnown>false</isKnown>
				<fogColor>1.0,1.0,1.0</fogColor>
				<skyColor>1.0,1.0,1.0</skyColor>
				<gravitationalMultiplier>16</gravitationalMultiplier>
				<orbitalDistance>150</orbitalDistance>
				<orbitalPhi>0</orbitalPhi>
				<rotationalPeriod>128000</rotationalPeriod>
				<atmosphereDensity>0</atmosphereDensity>
				<biomeIds>advancedrocketry:moon,advancedrocketry:moondark</biomeIds>
			</planet>
		</planet>
		<planet name="Sol-17" DIMID="17">
			<isKnown>false</isKnown>
			<fogColor>1.0,1.0,1.0</fogColor>
			<skyColor>0.8,0.8583256,0.845827</skyColor>
			<gravitationalMultiplier>130</gravitationalMultiplier>
			<orbitalDistance>174</orbitalDistance>
			<orbitalPhi>-2</orbitalPhi>
			<rotationalPeriod>10923</rotationalPeriod>
			<atmosphereDensity>145</atmosphereDensity>
			<biomeIds>biomesoplenty:ominous_woods,minecraft:mutated_savanna,thebetweenlands:patchy_islands,traverse:mountainous_desert,advancedrocketry:oceanspires,erebus:volcanic_desert,traverse:rocky_plains</biomeIds>
			<planet name="Sol-17: 0" DIMID="18">
				<isKnown>false</isKnown>
				<fogColor>1.0,1.0,1.0</fogColor>
				<skyColor>0.13706374,0.9375074,1.0</skyColor>
				<gravitationalMultiplier>76</gravitationalMultiplier>
				<orbitalDistance>135</orbitalDistance>
				<orbitalPhi>-6</orbitalPhi>
				<rotationalPeriod>54672</rotationalPeriod>
				<atmosphereDensity>13</atmosphereDensity>
				<biomeIds>advancedrocketry:moon,advancedrocketry:moondark</biomeIds>
			</planet>
			<planet name="Sol-17: 1" DIMID="19">
				<isKnown>false</isKnown>
				<fogColor>1.0,1.0,1.0</fogColor>
				<skyColor>0.0815202,0.858847,1.0</skyColor>
				<gravitationalMultiplier>73</gravitationalMultiplier>
				<orbitalDistance>171</orbitalDistance>
				<orbitalPhi>2</orbitalPhi>
				<rotationalPeriod>61693</rotationalPeriod>
				<atmosphereDensity>34</atmosphereDensity>
				<biomeIds>advancedrocketry:marsh,erebus:fungal_forest,thebetweenlands:marsh_0,traverse:temperate_rainforest,twilightforest:dense_twilight_forest</biomeIds>
			</planet>
		</planet>
		<planet name="Sol-4" DIMID="4">
			<isKnown>false</isKnown>
			<GasGiant>true</GasGiant>
			<gas>nitrogen</gas>
			<gas>hydrogen</gas>
			<gas>oxygen</gas>
			<fogColor>1.0,1.0,1.0</fogColor>
			<skyColor>1.0,1.0,1.0</skyColor>
			<gravitationalMultiplier>103</gravitationalMultiplier>
			<orbitalDistance>200</orbitalDistance>
			<orbitalPhi>0</orbitalPhi>
			<rotationalPeriod>24000</rotationalPeriod>
			<atmosphereDensity>125</atmosphereDensity>
			<planet name="Sol-4: 0" DIMID="5">
				<isKnown>false</isKnown>
				<fogColor>1.0,1.0,1.0</fogColor>
				<skyColor>0.23317933,0.74900436,1.0</skyColor>
				<gravitationalMultiplier>64</gravitationalMultiplier>
				<orbitalDistance>155</orbitalDistance>
				<orbitalPhi>1</orbitalPhi>
				<rotationalPeriod>91552</rotationalPeriod>
				<atmosphereDensity>37</atmosphereDensity>
				<biomeIds>biomesoplenty:eucalyptus_forest,minecraft:mutated_redwood_taiga_hills,minecraft:roofed_forest,traverse:red_desert,biomesoplenty:moor</biomeIds>
			</planet>
			<planet name="Sol-4: 1" DIMID="6">
				<isKnown>false</isKnown>
				<fogColor>1.0,1.0,1.0</fogColor>
				<skyColor>0.23210251,0.8939095,1.0</skyColor>
				<gravitationalMultiplier>50</gravitationalMultiplier>
				<orbitalDistance>140</orbitalDistance>
				<orbitalPhi>1</orbitalPhi>
				<rotationalPeriod>192000</rotationalPeriod>
				<atmosphereDensity>22</atmosphereDensity>
				<biomeIds>advancedrocketry:moon,advancedrocketry:moondark</biomeIds>
			</planet>
			<planet name="Sol-4: 2" DIMID="8">
				<isKnown>false</isKnown>
				<fogColor>1.0,1.0,1.0</fogColor>
				<skyColor>0.0,0.9665625,1.0</skyColor>
				<gravitationalMultiplier>55</gravitationalMultiplier>
				<orbitalDistance>161</orbitalDistance>
				<orbitalPhi>-9</orbitalPhi>
				<rotationalPeriod>144252</rotationalPeriod>
				<atmosphereDensity>15</atmosphereDensity>
				<biomeIds>advancedrocketry:moon,advancedrocketry:moondark</biomeIds>
			</planet>
			<planet name="Sol-4: 3" DIMID="9">
				<isKnown>false</isKnown>
				<fogColor>1.0,1.0,1.0</fogColor>
				<skyColor>0.3685255,0.587031,1.0</skyColor>
				<gravitationalMultiplier>36</gravitationalMultiplier>
				<orbitalDistance>107</orbitalDistance>
				<orbitalPhi>-5</orbitalPhi>
				<rotationalPeriod>514403</rotationalPeriod>
				<atmosphereDensity>19</atmosphereDensity>
				<biomeIds>advancedrocketry:moon,advancedrocketry:moondark</biomeIds>
			</planet>
		</planet>
		<planet name="Sol-21" DIMID="21">
			<isKnown>false</isKnown>
			<fogColor>1.0,1.0,1.0</fogColor>
			<skyColor>0.8,0.9943842,1.0</skyColor>
			<gravitationalMultiplier>123</gravitationalMultiplier>
			<orbitalDistance>93</orbitalDistance>
			<orbitalPhi>1</orbitalPhi>
			<rotationalPeriod>12897</rotationalPeriod>
			<atmosphereDensity>55</atmosphereDensity>
			<biomeIds>biomesoplenty:coral_reef,thebetweenlands:patchy_islands,minecraft:mutated_extreme_hills_with_trees,minecraft:taiga,twilightforest:highlands_center</biomeIds>
			<planet name="Sol-21: 0" DIMID="22">
				<isKnown>false</isKnown>
				<fogColor>1.0,1.0,1.0</fogColor>
				<skyColor>0.34939307,0.80578136,1.0</skyColor>
				<gravitationalMultiplier>42</gravitationalMultiplier>
				<orbitalDistance>109</orbitalDistance>
				<orbitalPhi>2</orbitalPhi>
				<rotationalPeriod>323939</rotationalPeriod>
				<atmosphereDensity>18</atmosphereDensity>
				<biomeIds>advancedrocketry:moon,advancedrocketry:moondark</biomeIds>
			</planet>
		</planet>
		<planet name="Sol-23" DIMID="23">
			<isKnown>false</isKnown>
			<fogColor>1.0,1.0,1.0</fogColor>
			<skyColor>0.6514107,0.89022744,1.0</skyColor>
			<gravitationalMultiplier>102</gravitationalMultiplier>
			<orbitalDistance>108</orbitalDistance>
			<orbitalPhi>-6</orbitalPhi>
			<rotationalPeriod>22615</rotationalPeriod>
			<atmosphereDensity>52</atmosphereDensity>
			<biomeIds>traverse:autumnal_woods,minecraft:extreme_hills_with_trees,minecraft:mutated_swampland,biomesoplenty:land_of_lakes,biomesoplenty:prairie</biomeIds>
		</planet>
		<planet name="Sol-24" DIMID="24">
			<isKnown>false</isKnown>
			<fogColor>1.0,1.0,1.0</fogColor>
			<skyColor>0.8,0.8673575,0.27687</skyColor>
			<gravitationalMultiplier>130</gravitationalMultiplier>
			<orbitalDistance>159</orbitalDistance>
			<orbitalPhi>-5</orbitalPhi>
			<rotationalPeriod>10923</rotationalPeriod>
			<atmosphereDensity>200</atmosphereDensity>
			<biomeIds>biomesoplenty:fungi_forest,minecraft:frozen_ocean,twilightforest:twilight_lake,advancedrocketry:deepswamp,traverse:red_desert,erebus:volcanic_desert,traverse:rocky_plains</biomeIds>
			<planet name="Sol-24: 0" DIMID="25">
				<isKnown>false</isKnown>
				<fogColor>1.0,1.0,1.0</fogColor>
				<skyColor>0.37740767,0.77231205,1.0</skyColor>
				<gravitationalMultiplier>70</gravitationalMultiplier>
				<orbitalDistance>129</orbitalDistance>
				<orbitalPhi>2</orbitalPhi>
				<rotationalPeriod>69970</rotationalPeriod>
				<atmosphereDensity>36</atmosphereDensity>
				<biomeIds>biomesoplenty:grove,erebus:elysian_fields,traverse:mountainous_desert,minecraft:mutated_birch_forest,biomesoplenty:quagmire</biomeIds>
			</planet>
			<oceanBlock>minecraft:lava</oceanBlock>
		</planet>
		<planet name="Sol-10" DIMID="10">
			<isKnown>false</isKnown>
			<fogColor>1.0,1.0,1.0</fogColor>
			<skyColor>0.8,0.5843214,0.0</skyColor>
			<gravitationalMultiplier>127</gravitationalMultiplier>
			<orbitalDistance>73</orbitalDistance>
			<orbitalPhi>4</orbitalPhi>
			<rotationalPeriod>11716</rotationalPeriod>
			<atmosphereDensity>170</atmosphereDensity>
			<biomeIds>advancedrocketry:hotdryrock</biomeIds>
			<planet name="Sol-10: 0" DIMID="11">
				<isKnown>false</isKnown>
				<fogColor>1.0,1.0,1.0</fogColor>
				<skyColor>0.18015093,0.59854496,1.0</skyColor>
				<gravitationalMultiplier>65</gravitationalMultiplier>
				<orbitalDistance>157</orbitalDistance>
				<orbitalPhi>3</orbitalPhi>
				<rotationalPeriod>87391</rotationalPeriod>
				<atmosphereDensity>33</atmosphereDensity>
				<biomeIds>minecraft:desert,biomesoplenty:mystic_grove,twilightforest:dense_twilight_forest,minecraft:ocean,biomesoplenty:mountain_foothills</biomeIds>
			</planet>
			<oceanBlock>minecraft:lava</oceanBlock>
		</planet>
		<planet name="Sol-26" DIMID="26">
			<isKnown>false</isKnown>
			<fogColor>1.0,1.0,1.0</fogColor>
			<skyColor>0.8,0.66965353,0.3536697</skyColor>
			<gravitationalMultiplier>89</gravitationalMultiplier>
			<orbitalDistance>78</orbitalDistance>
			<orbitalPhi>-3</orbitalPhi>
			<rotationalPeriod>34044</rotationalPeriod>
			<atmosphereDensity>121</atmosphereDensity>
			<biomeIds>minecraft:mushroom_island</biomeIds>
			<oceanBlock>minecraft:lava</oceanBlock>
		</planet>
		<planet name="Sol-27" DIMID="27">
			<isKnown>false</isKnown>
			<fogColor>1.0,1.0,1.0</fogColor>
			<skyColor>0.8,0.8409027,0.43528795</skyColor>
			<gravitationalMultiplier>130</gravitationalMultiplier>
			<orbitalDistance>37</orbitalDistance>
			<orbitalPhi>-2</orbitalPhi>
			<rotationalPeriod>10923</rotationalPeriod>
			<atmosphereDensity>73</atmosphereDensity>
			<seaLevel>46</seaLevel>
			<biomeIds>minecraft:ice_flats</biomeIds>
			<planet name="Sol-27: 0" DIMID="28">
				<isKnown>false</isKnown>
				<fogColor>1.0,1.0,1.0</fogColor>
				<skyColor>0.49002755,0.7096368,1.0</skyColor>
				<gravitationalMultiplier>61</gravitationalMultiplier>
				<orbitalDistance>97</orbitalDistance>
				<orbitalPhi>-5</orbitalPhi>
				<rotationalPeriod>105735</rotationalPeriod>
				<atmosphereDensity>16</atmosphereDensity>
				<biomeIds>advancedrocketry:moon,advancedrocketry:moondark</biomeIds>
			</planet>
			<planet name="Sol-27: 1" DIMID="29">
				<isKnown>false</isKnown>
				<fogColor>1.0,1.0,1.0</fogColor>
				<skyColor>0.0,0.6734239,1.0</skyColor>
				<gravitationalMultiplier>79</gravitationalMultiplier>
				<orbitalDistance>200</orbitalDistance>
				<orbitalPhi>-7</orbitalPhi>
				<rotationalPeriod>48677</rotationalPeriod>
				<atmosphereDensity>20</atmosphereDensity>
				<seaLevel>74</seaLevel>
				<biomeIds>advancedrocketry:moon,advancedrocketry:moondark</biomeIds>
				<oceanBlock>advancedrocketry:oxygenfluid</oceanBlock>
			</planet>
			<planet name="Sol-27: 2" DIMID="30">
				<isKnown>false</isKnown>
				<fogColor>1.0,1.0,1.0</fogColor>
				<skyColor>0.37930262,0.762166,1.0</skyColor>
				<gravitationalMultiplier>41</gravitationalMultiplier>
				<orbitalDistance>115</orbitalDistance>
				<orbitalPhi>-5</orbitalPhi>
				<rotationalPeriod>348224</rotationalPeriod>
				<atmosphereDensity>20</atmosphereDensity>
				<biomeIds>advancedrocketry:moon,advancedrocketry:moondark</biomeIds>
			</planet>
			<oceanBlock>minecraft:lava</oceanBlock>
		</planet>
		<planet name="Sol-12" DIMID="12">
			<isKnown>false</isKnown>
			<fogColor>1.0,1.0,1.0</fogColor>
			<skyColor>0.8,0.96462464,0.62992215</skyColor>
			<gravitationalMultiplier>130</gravitationalMultiplier>
			<orbitalDistance>124</orbitalDistance>
			<orbitalPhi>-4</orbitalPhi>
			<rotationalPeriod>10923</rotationalPeriod>
			<atmosphereDensity>132</atmosphereDensity>
			<biomeIds>minecraft:swampland,biomesoplenty:bamboo_forest,biomesoplenty:pasture,biomesoplenty:prairie,minecraft:forest,erebus:volcanic_desert,traverse:rocky_plains</biomeIds>
			<planet name="Sol-12: 0" DIMID="13">
				<isKnown>false</isKnown>
				<fogColor>1.0,1.0,1.0</fogColor>
				<skyColor>0.37010312,0.91970396,1.0</skyColor>
				<gravitationalMultiplier>46</gravitationalMultiplier>
				<orbitalDistance>130</orbitalDistance>
				<orbitalPhi>0</orbitalPhi>
				<rotationalPeriod>246568</rotationalPeriod>
				<atmosphereDensity>36</atmosphereDensity>
				<seaLevel>76</seaLevel>
				<biomeIds>erebus:elysian_fields,twilightforest:fire_swamp,biomesoplenty:marsh,biomesoplenty:tropical_rainforest,twilightforest:highlands_center</biomeIds>
			</planet>
			<planet name="Sol-12: 1" DIMID="14">
				<isKnown>false</isKnown>
				<fogColor>1.0,1.0,1.0</fogColor>
				<skyColor>0.30801952,0.9404547,1.0</skyColor>
				<gravitationalMultiplier>63</gravitationalMultiplier>
				<orbitalDistance>134</orbitalDistance>
				<orbitalPhi>0</orbitalPhi>
				<rotationalPeriod>95981</rotationalPeriod>
				<atmosphereDensity>24</atmosphereDensity>
				<biomeIds>advancedrocketry:moon,advancedrocketry:moondark</biomeIds>
			</planet>
			<planet name="Sol-12: 2" DIMID="15">
				<isKnown>false</isKnown>
				<fogColor>1.0,1.0,1.0</fogColor>
				<skyColor>0.19092149,0.6608475,1.0</skyColor>
				<gravitationalMultiplier>54</gravitationalMultiplier>
				<orbitalDistance>149</orbitalDistance>
				<orbitalPhi>-1</orbitalPhi>
				<rotationalPeriod>152415</rotationalPeriod>
				<atmosphereDensity>24</atmosphereDensity>
				<biomeIds>advancedrocketry:moon,advancedrocketry:moondark</biomeIds>
			</planet>
			<oceanBlock>minecraft:lava</oceanBlock>
		</planet>
	</star>
	<star name="Wolf 12" temp="10" x="300" y="-200" size="1.0" numPlanets="0" numGasGiants="0">
		<planet name="Sol-34" DIMID="34">
			<isKnown>false</isKnown>
			<fogColor>1.0,1.0,1.0</fogColor>
			<skyColor>0.8,0.8072338,0.49520957</skyColor>
			<gravitationalMultiplier>99</gravitationalMultiplier>
			<orbitalDistance>83</orbitalDistance>
			<orbitalPhi>-1</orbitalPhi>
			<rotationalPeriod>24734</rotationalPeriod>
			<atmosphereDensity>119</atmosphereDensity>
			<biomeIds>advancedrocketry:deepswamp,twilightforest:dark_forest,biomesoplenty:xeric_shrubland,minecraft:mutated_forest,traverse:mini_jungle</biomeIds>
			<oceanBlock>minecraft:lava</oceanBlock>
		</planet>
		<planet name="Sol-35" DIMID="35">
			<isKnown>false</isKnown>
			<fogColor>1.0,1.0,1.0</fogColor>
			<skyColor>0.0,0.7225548,1.0</skyColor>
			<gravitationalMultiplier>129</gravitationalMultiplier>
			<orbitalDistance>200</orbitalDistance>
			<orbitalPhi>5</orbitalPhi>
			<rotationalPeriod>11180</rotationalPeriod>
			<atmosphereDensity>52</atmosphereDensity>
			<seaLevel>52</seaLevel>
			<biomeIds>traverse:rocky_plateau,biomesoplenty:bayou,biomesoplenty:wasteland,minecraft:mutated_birch_forest,erebus:ulterior_outback</biomeIds>
		</planet>
		<planet name="Sol-36" DIMID="36">
			<isKnown>false</isKnown>
			<fogColor>1.0,1.0,1.0</fogColor>
			<skyColor>0.8,0.56923306,0.6251179</skyColor>
			<gravitationalMultiplier>89</gravitationalMultiplier>
			<orbitalDistance>121</orbitalDistance>
			<orbitalPhi>-1</orbitalPhi>
			<rotationalPeriod>34044</rotationalPeriod>
			<atmosphereDensity>132</atmosphereDensity>
			<seaLevel>60</seaLevel>
			<biomeIds>minecraft:ice_flats</biomeIds>
			<oceanBlock>minecraft:lava</oceanBlock>
		</planet>
		<planet name="Sol-37" DIMID="37">
			<isKnown>false</isKnown>
			<fogColor>1.0,1.0,1.0</fogColor>
			<skyColor>0.8,0.6660742,0.0</skyColor>
			<gravitationalMultiplier>130</gravitationalMultiplier>
			<orbitalDistance>5</orbitalDistance>
			<orbitalPhi>-3</orbitalPhi>
			<rotationalPeriod>10923</rotationalPeriod>
			<atmosphereDensity>143</atmosphereDensity>
			<seaLevel>51</seaLevel>
			<biomeIds>advancedrocketry:hotdryrock</biomeIds>
			<oceanBlock>minecraft:lava</oceanBlock>
		</planet>
		<planet name="Sol-31" DIMID="31">
			<isKnown>false</isKnown>
			<fogColor>1.0,1.0,1.0</fogColor>
			<skyColor>0.8,0.5502099,0.0</skyColor>
			<gravitationalMultiplier>130</gravitationalMultiplier>
			<orbitalDistance>85</orbitalDistance>
			<orbitalPhi>-6</orbitalPhi>
			<rotationalPeriod>10923</rotationalPeriod>
			<atmosphereDensity>200</atmosphereDensity>
			<biomeIds>advancedrocketry:hotdryrock</biomeIds>
			<planet name="Sol-31: 0" DIMID="32">
				<isKnown>false</isKnown>
				<fogColor>1.0,1.0,1.0</fogColor>
				<skyColor>0.0,0.817659,1.0</skyColor>
				<gravitationalMultiplier>74</gravitationalMultiplier>
				<orbitalDistance>170</orbitalDistance>
				<orbitalPhi>-1</orbitalPhi>
				<rotationalPeriod>59226</rotationalPeriod>
				<atmosphereDensity>15</atmosphereDensity>
				<biomeIds>advancedrocketry:moon,advancedrocketry:moondark</biomeIds>
			</planet>
			<planet name="Sol-31: 1" DIMID="33">
				<isKnown>false</isKnown>
				<fogColor>1.0,1.0,1.0</fogColor>
				<skyColor>0.28531432,0.6800853,1.0</skyColor>
				<gravitationalMultiplier>86</gravitationalMultiplier>
				<orbitalDistance>120</orbitalDistance>
				<orbitalPhi>-1</orbitalPhi>
				<rotationalPeriod>37732</rotationalPeriod>
				<atmosphereDensity>15</atmosphereDensity>
				<seaLevel>72</seaLevel>
				<biomeIds>advancedrocketry:moon,advancedrocketry:moondark</biomeIds>
				<oceanBlock>advancedrocketry:oxygenfluid</oceanBlock>
			</planet>
			<oceanBlock>minecraft:lava</oceanBlock>
		</planet>
	</star>
	<star name="Epsilon ire" temp="170" x="-200" y="80" size="1.0" numPlanets="0" numGasGiants="0">
		<planet name="Sol-50" DIMID="50">
			<isKnown>false</isKnown>
			<fogColor>1.0,1.0,1.0</fogColor>
			<skyColor>0.8,0.8872435,0.77910566</skyColor>
			<gravitationalMultiplier>130</gravitationalMultiplier>
			<orbitalDistance>86</orbitalDistance>
			<orbitalPhi>-2</orbitalPhi>
			<rotationalPeriod>10923</rotationalPeriod>
			<atmosphereDensity>73</atmosphereDensity>
			<biomeIds>minecraft:extreme_hills</biomeIds>
		</planet>
		<planet name="Sol-51" DIMID="51">
			<isKnown>false</isKnown>
			<fogColor>1.0,1.0,1.0</fogColor>
			<skyColor>0.8,0.50699604,0.62864846</skyColor>
			<gravitationalMultiplier>97</gravitationalMultiplier>
			<orbitalDistance>157</orbitalDistance>
			<orbitalPhi>8</orbitalPhi>
			<rotationalPeriod>26296</rotationalPeriod>
			<atmosphereDensity>151</atmosphereDensity>
			<biomeIds>minecraft:ice_flats</biomeIds>
			<oceanBlock>minecraft:lava</oceanBlock>
		</planet>
		<planet name="Sol-38" DIMID="38">
			<isKnown>false</isKnown>
			<fogColor>1.0,1.0,1.0</fogColor>
			<skyColor>0.8,0.6330174,0.0</skyColor>
			<gravitationalMultiplier>88</gravitationalMultiplier>
			<orbitalDistance>8</orbitalDistance>
			<orbitalPhi>-3</orbitalPhi>
			<rotationalPeriod>35217</rotationalPeriod>
			<atmosphereDensity>136</atmosphereDensity>
			<biomeIds>advancedrocketry:hotdryrock</biomeIds>
			<oceanBlock>minecraft:lava</oceanBlock>
		</planet>
		<planet name="Sol-39" DIMID="39">
			<isKnown>false</isKnown>
			<fogColor>1.0,1.0,1.0</fogColor>
			<skyColor>0.8,0.7591083,0.9790699</skyColor>
			<gravitationalMultiplier>130</gravitationalMultiplier>
			<orbitalDistance>116</orbitalDistance>
			<orbitalPhi>0</orbitalPhi>
			<rotationalPeriod>10923</rotationalPeriod>
			<atmosphereDensity>74</atmosphereDensity>
			<biomeIds>minecraft:extreme_hills_with_trees,thebetweenlands:marsh_0,biomesoplenty:crag,twilightforest:highlands_center,minecraft:frozen_river</biomeIds>
			<planet name="Sol-39: 0" DIMID="40">
				<isKnown>false</isKnown>
				<fogColor>1.0,1.0,1.0</fogColor>
				<skyColor>0.0,0.5111854,1.0</skyColor>
				<gravitationalMultiplier>65</gravitationalMultiplier>
				<orbitalDistance>195</orbitalDistance>
				<orbitalPhi>-6</orbitalPhi>
				<rotationalPeriod>87391</rotationalPeriod>
				<atmosphereDensity>13</atmosphereDensity>
				<biomeIds>advancedrocketry:moon,advancedrocketry:moondark</biomeIds>
			</planet>
			<planet name="Sol-39: 1" DIMID="41">
				<isKnown>false</isKnown>
				<fogColor>1.0,1.0,1.0</fogColor>
				<skyColor>0.0,0.7693977,1.0</skyColor>
				<gravitationalMultiplier>76</gravitationalMultiplier>
				<orbitalDistance>191</orbitalDistance>
				<orbitalPhi>-3</orbitalPhi>
				<rotationalPeriod>54672</rotationalPeriod>
				<atmosphereDensity>16</atmosphereDensity>
				<biomeIds>advancedrocketry:moon,advancedrocketry:moondark</biomeIds>
			</planet>
		</planet>
		<planet name="Sol-42" DIMID="42">
			<isKnown>false</isKnown>
			<fogColor>1.0,1.0,1.0</fogColor>
			<skyColor>0.0,0.8251947,1.0</skyColor>
			<gravitationalMultiplier>130</gravitationalMultiplier>
			<orbitalDistance>200</orbitalDistance>
			<orbitalPhi>0</orbitalPhi>
			<rotationalPeriod>10923</rotationalPeriod>
			<atmosphereDensity>0</atmosphereDensity>
			<seaLevel>76</seaLevel>
			<biomeIds>advancedrocketry:moon,advancedrocketry:moondark</biomeIds>
			<planet name="Sol-42: 0" DIMID="43">
				<isKnown>false</isKnown>
				<fogColor>1.0,1.0,1.0</fogColor>
				<skyColor>0.0,0.9749857,1.0</skyColor>
				<gravitationalMultiplier>58</gravitationalMultiplier>
				<orbitalDistance>173</orbitalDistance>
				<orbitalPhi>6</orbitalPhi>
				<rotationalPeriod>123006</rotationalPeriod>
				<atmosphereDensity>22</atmosphereDensity>
				<biomeIds>advancedrocketry:moon,advancedrocketry:moondark</biomeIds>
			</planet>
			<planet name="Sol-42: 1" DIMID="44">
				<isKnown>false</isKnown>
				<fogColor>1.0,1.0,1.0</fogColor>
				<skyColor>0.14218944,0.51738125,1.0</skyColor>
				<gravitationalMultiplier>61</gravitationalMultiplier>
				<orbitalDistance>152</orbitalDistance>
				<orbitalPhi>-5</orbitalPhi>
				<rotationalPeriod>105735</rotationalPeriod>
				<atmosphereDensity>24</atmosphereDensity>
				<biomeIds>advancedrocketry:moon,advancedrocketry:moondark</biomeIds>
			</planet>
			<planet name="Sol-42: 2" DIMID="45">
				<isKnown>false</isKnown>
				<fogColor>1.0,1.0,1.0</fogColor>
				<skyColor>0.0,0.95981777,1.0</skyColor>
				<gravitationalMultiplier>67</gravitationalMultiplier>
				<orbitalDistance>191</orbitalDistance>
				<orbitalPhi>-2</orbitalPhi>
				<rotationalPeriod>79797</rotationalPeriod>
				<atmosphereDensity>33</atmosphereDensity>
				<biomeIds>minecraft:birch_forest,minecraft:birch_forest_hills,traverse:meadow,biomesoplenty:coral_reef,thebetweenlands:swamplands</biomeIds>
			</planet>
			<oceanBlock>advancedrocketry:oxygenfluid</oceanBlock>
		</planet>
		<planet name="Sol-46" DIMID="46">
			<isKnown>false</isKnown>
			<hasRings>true</hasRings>
			<ringColor>0.8,0.5861632,0.5815762</ringColor>
			<fogColor>1.0,1.0,1.0</fogColor>
			<skyColor>0.8,0.5861632,0.5815762</skyColor>
			<gravitationalMultiplier>130</gravitationalMultiplier>
			<orbitalDistance>120</orbitalDistance>
			<orbitalPhi>0</orbitalPhi>
			<rotationalPeriod>10923</rotationalPeriod>
			<atmosphereDensity>129</atmosphereDensity>
			<biomeIds>minecraft:ice_flats</biomeIds>
			<oceanBlock>minecraft:lava</oceanBlock>
		</planet>
		<planet name="Sol-47" DIMID="47">
			<isKnown>false</isKnown>
			<fogColor>1.0,1.0,1.0</fogColor>
			<skyColor>0.8,0.573686,0.7060888</skyColor>
			<gravitationalMultiplier>115</gravitationalMultiplier>
			<orbitalDistance>95</orbitalDistance>
			<orbitalPhi>-1</orbitalPhi>
			<rotationalPeriod>15780</rotationalPeriod>
			<atmosphereDensity>95</atmosphereDensity>
			<biomeIds>twilightforest:twilight_forest,biomesoplenty:brushland,advancedrocketry:marsh,twilightforest:twilight_stream,biomesoplenty:coral_reef</biomeIds>
			<planet name="Sol-47: 0" DIMID="48">
				<isKnown>false</isKnown>
				<fogColor>1.0,1.0,1.0</fogColor>
				<skyColor>0.22162437,0.68970203,1.0</skyColor>
				<gravitationalMultiplier>74</gravitationalMultiplier>
				<orbitalDistance>138</orbitalDistance>
				<orbitalPhi>0</orbitalPhi>
				<rotationalPeriod>59226</rotationalPeriod>
				<atmosphereDensity>23</atmosphereDensity>
				<biomeIds>advancedrocketry:moon,advancedrocketry:moondark</biomeIds>
			</planet>
			<planet name="Sol-47: 1" DIMID="49">
				<isKnown>false</isKnown>
				<fogColor>1.0,1.0,1.0</fogColor>
				<skyColor>0.0,0.55123055,1.0</skyColor>
				<gravitationalMultiplier>57</gravitationalMultiplier>
				<orbitalDistance>193</orbitalDistance>
				<orbitalPhi>-2</orbitalPhi>
				<rotationalPeriod>129594</rotationalPeriod>
				<atmosphereDensity>19</atmosphereDensity>
				<seaLevel>75</seaLevel>
				<biomeIds>advancedrocketry:moon,advancedrocketry:moondark</biomeIds>
				<oceanBlock>advancedrocketry:oxygenfluid</oceanBlock>
			</planet>
		</planet>
	</star>
	<star name="Proxima Centaurs" temp="200" x="-150" y="250" size="1.0" numPlanets="0" numGasGiants="0">
		<planet name="Sol-52" DIMID="52">
			<isKnown>false</isKnown>
			<fogColor>1.0,1.0,1.0</fogColor>
			<skyColor>0.8,0.6207484,0.0</skyColor>
			<gravitationalMultiplier>97</gravitationalMultiplier>
			<orbitalDistance>99</orbitalDistance>
			<orbitalPhi>0</orbitalPhi>
			<rotationalPeriod>26296</rotationalPeriod>
			<atmosphereDensity>200</atmosphereDensity>
			<biomeIds>advancedrocketry:hotdryrock</biomeIds>
			<oceanBlock>minecraft:lava</oceanBlock>
		</planet>
		<planet name="Sol-53" DIMID="53">
			<isKnown>false</isKnown>
			<fogColor>1.0,1.0,1.0</fogColor>
			<skyColor>0.8,0.6401608,1.0</skyColor>
			<gravitationalMultiplier>130</gravitationalMultiplier>
			<orbitalDistance>97</orbitalDistance>
			<orbitalPhi>-6</orbitalPhi>
			<rotationalPeriod>10923</rotationalPeriod>
			<atmosphereDensity>56</atmosphereDensity>
			<biomeIds>minecraft:taiga_hills,minecraft:birch_forest_hills,minecraft:mutated_redwood_taiga_hills,advancedrocketry:oceanspires,minecraft:extreme_hills</biomeIds>
			<planet name="Sol-53: 0" DIMID="54">
				<isKnown>false</isKnown>
				<fogColor>1.0,1.0,1.0</fogColor>
				<skyColor>0.0,0.59020674,1.0</skyColor>
				<gravitationalMultiplier>61</gravitationalMultiplier>
				<orbitalDistance>186</orbitalDistance>
				<orbitalPhi>-4</orbitalPhi>
				<rotationalPeriod>105735</rotationalPeriod>
				<atmosphereDensity>16</atmosphereDensity>
				<biomeIds>advancedrocketry:moon,advancedrocketry:moondark</biomeIds>
			</planet>
			<planet name="Sol-53: 1" DIMID="55">
				<isKnown>false</isKnown>
				<fogColor>1.0,1.0,1.0</fogColor>
				<skyColor>0.41938287,0.79446054,1.0</skyColor>
				<gravitationalMultiplier>42</gravitationalMultiplier>
				<orbitalDistance>125</orbitalDistance>
				<orbitalPhi>-2</orbitalPhi>
				<rotationalPeriod>323939</rotationalPeriod>
				<atmosphereDensity>28</atmosphereDensity>
				<seaLevel>76</seaLevel>
				<biomeIds>minecraft:mushroom_island_shore,biomesoplenty:bayou,minecraft:mushroom_island,minecraft:roofed_forest,minecraft:mutated_mesa_clear_rock</biomeIds>
			</planet>
		</planet>
		<planet name="Sol-56" DIMID="56">
			<isKnown>false</isKnown>
			<fogColor>1.0,1.0,1.0</fogColor>
			<skyColor>0.6799495,0.8312552,1.0</skyColor>
			<gravitationalMultiplier>104</gravitationalMultiplier>
			<orbitalDistance>156</orbitalDistance>
			<orbitalPhi>-2</orbitalPhi>
			<rotationalPeriod>20150</rotationalPeriod>
			<atmosphereDensity>79</atmosphereDensity>
			<biomeIds>traverse:badlands,minecraft:mushroom_island_shore,minecraft:extreme_hills,minecraft:jungle,biomesoplenty:phantasmagoric_inferno</biomeIds>
		</planet>
	</star>
	<star name="Magnis Vulpes" temp="70" x="-150" y="-250" size="1.0" numPlanets="0" numGasGiants="0">
		<planet name="Sol-57" DIMID="57">
			<isKnown>false</isKnown>
			<fogColor>1.0,1.0,1.0</fogColor>
			<skyColor>0.8,0.8111775,0.0</skyColor>
			<gravitationalMultiplier>130</gravitationalMultiplier>
			<orbitalDistance>15</orbitalDistance>
			<orbitalPhi>-7</orbitalPhi>
			<rotationalPeriod>10923</rotationalPeriod>
			<atmosphereDensity>178</atmosphereDensity>
			<biomeIds>advancedrocketry:hotdryrock</biomeIds>
			<planet name="Sol-57: 0" DIMID="58">
				<isKnown>false</isKnown>
				<fogColor>1.0,1.0,1.0</fogColor>
				<skyColor>0.32312083,0.5268512,1.0</skyColor>
				<gravitationalMultiplier>48</gravitationalMultiplier>
				<orbitalDistance>117</orbitalDistance>
				<orbitalPhi>-1</orbitalPhi>
				<rotationalPeriod>217013</rotationalPeriod>
				<atmosphereDensity>20</atmosphereDensity>
				<seaLevel>77</seaLevel>
				<biomeIds>advancedrocketry:moon,advancedrocketry:moondark</biomeIds>
				<oceanBlock>advancedrocketry:oxygenfluid</oceanBlock>
			</planet>
			<planet name="Sol-57: 1" DIMID="59">
				<isKnown>false</isKnown>
				<fogColor>1.0,1.0,1.0</fogColor>
				<skyColor>0.37088215,0.7878416,1.0</skyColor>
				<gravitationalMultiplier>82</gravitationalMultiplier>
				<orbitalDistance>136</orbitalDistance>
				<orbitalPhi>3</orbitalPhi>
				<rotationalPeriod>43528</rotationalPeriod>
				<atmosphereDensity>35</atmosphereDensity>
				<biomeIds>biomesoplenty:phantasmagoric_inferno,twilightforest:dark_forest_center,traverse:forested_hills,twilightforest:twilight_stream,traverse:thicket</biomeIds>
			</planet>
			<oceanBlock>minecraft:lava</oceanBlock>
		</planet>
		<planet name="Sol-60" DIMID="60">
			<isKnown>false</isKnown>
			<fogColor>1.0,1.0,1.0</fogColor>
			<skyColor>0.8,0.89731807,0.8556067</skyColor>
			<gravitationalMultiplier>116</gravitationalMultiplier>
			<orbitalDistance>102</orbitalDistance>
			<orbitalPhi>2</orbitalPhi>
			<rotationalPeriod>14607</rotationalPeriod>
			<atmosphereDensity>88</atmosphereDensity>
			<biomeIds>traverse:forested_hills,biomesoplenty:grassland,minecraft:smaller_extreme_hills,biomesoplenty:mangrove,thebetweenlands:marsh_0</biomeIds>
		</planet>
	</star>
	<star name="Ma-Roo" temp="200" x="50" y="-250" size="1.0" numPlanets="0" numGasGiants="0">
		<planet name="Sol-65" DIMID="65">
			<isKnown>false</isKnown>
			<fogColor>1.0,1.0,1.0</fogColor>
			<skyColor>0.26041228,0.90517944,1.0</skyColor>
			<gravitationalMultiplier>104</gravitationalMultiplier>
			<orbitalDistance>128</orbitalDistance>
			<orbitalPhi>-1</orbitalPhi>
			<rotationalPeriod>20732</rotationalPeriod>
			<atmosphereDensity>17</atmosphereDensity>
			<biomeIds>advancedrocketry:moon,advancedrocketry:moondark</biomeIds>
		</planet>
		<planet name="Sol-67" DIMID="67">
			<isKnown>false</isKnown>
			<fogColor>1.0,1.0,1.0</fogColor>
			<skyColor>0.8,0.6431206,0.0</skyColor>
			<gravitationalMultiplier>125</gravitationalMultiplier>
			<orbitalDistance>113</orbitalDistance>
			<orbitalPhi>0</orbitalPhi>
			<rotationalPeriod>12288</rotationalPeriod>
			<atmosphereDensity>198</atmosphereDensity>
			<biomeIds>advancedrocketry:hotdryrock</biomeIds>
			<planet name="Sol-67: 0" DIMID="68">
				<isKnown>false</isKnown>
				<fogColor>1.0,1.0,1.0</fogColor>
				<skyColor>0.37852222,0.9369495,1.0</skyColor>
				<gravitationalMultiplier>75</gravitationalMultiplier>
				<orbitalDistance>130</orbitalDistance>
				<orbitalPhi>-3</orbitalPhi>
				<rotationalPeriod>56888</rotationalPeriod>
				<atmosphereDensity>31</atmosphereDensity>
				<biomeIds>minecraft:birch_forest,biomesoplenty:undergarden,minecraft:mutated_plains,minecraft:mutated_savanna_rock,minecraft:ocean</biomeIds>
			</planet>
			<planet name="Sol-67: 1" DIMID="69">
				<isKnown>false</isKnown>
				<fogColor>1.0,1.0,1.0</fogColor>
				<skyColor>0.0,0.69203925,1.0</skyColor>
				<gravitationalMultiplier>52</gravitationalMultiplier>
				<orbitalDistance>197</orbitalDistance>
				<orbitalPhi>0</orbitalPhi>
				<rotationalPeriod>170687</rotationalPeriod>
				<atmosphereDensity>15</atmosphereDensity>
				<seaLevel>76</seaLevel>
				<biomeIds>advancedrocketry:moon,advancedrocketry:moondark</biomeIds>
				<oceanBlock>advancedrocketry:oxygenfluid</oceanBlock>
			</planet>
			<oceanBlock>minecraft:lava</oceanBlock>
		</planet>
		<planet name="Sol-70" DIMID="70">
			<isKnown>false</isKnown>
			<hasRings>true</hasRings>
			<ringColor>0.8,0.76772213,0.0</ringColor>
			<fogColor>1.0,1.0,1.0</fogColor>
			<skyColor>0.8,0.76772213,0.0</skyColor>
			<gravitationalMultiplier>126</gravitationalMultiplier>
			<orbitalDistance>22</orbitalDistance>
			<orbitalPhi>0</orbitalPhi>
			<rotationalPeriod>11997</rotationalPeriod>
			<atmosphereDensity>117</atmosphereDensity>
			<biomeIds>advancedrocketry:hotdryrock</biomeIds>
			<oceanBlock>minecraft:lava</oceanBlock>
		</planet>
		<planet name="Sol-71" DIMID="71">
			<isKnown>false</isKnown>
			<fogColor>1.0,1.0,1.0</fogColor>
			<skyColor>0.0,0.6424968,1.0</skyColor>
			<gravitationalMultiplier>116</gravitationalMultiplier>
			<orbitalDistance>168</orbitalDistance>
			<orbitalPhi>0</orbitalPhi>
			<rotationalPeriod>14607</rotationalPeriod>
			<atmosphereDensity>19</atmosphereDensity>
			<biomeIds>advancedrocketry:moon,advancedrocketry:moondark</biomeIds>
			<planet name="Sol-71: 0" DIMID="72">
				<isKnown>false</isKnown>
				<hasRings>true</hasRings>
				<ringColor>0.4154052,0.54005224,1.0</ringColor>
				<fogColor>1.0,1.0,1.0</fogColor>
				<skyColor>0.4154052,0.54005224,1.0</skyColor>
				<gravitationalMultiplier>41</gravitationalMultiplier>
				<orbitalDistance>130</orbitalDistance>
				<orbitalPhi>-4</orbitalPhi>
				<rotationalPeriod>348224</rotationalPeriod>
				<atmosphereDensity>33</atmosphereDensity>
				<biomeIds>erebus:subterranean_savannah,traverse:birch_forested_hills,minecraft:swampland,biomesoplenty:lush_swamp,biomesoplenty:shrubland</biomeIds>
			</planet>
			<planet name="Sol-71: 1" DIMID="73">
				<isKnown>false</isKnown>
				<fogColor>1.0,1.0,1.0</fogColor>
				<skyColor>0.3830753,0.58659875,1.0</skyColor>
				<gravitationalMultiplier>62</gravitationalMultiplier>
				<orbitalDistance>139</orbitalDistance>
				<orbitalPhi>-4</orbitalPhi>
				<rotationalPeriod>100701</rotationalPeriod>
				<atmosphereDensity>37</atmosphereDensity>
				<biomeIds>minecraft:mutated_birch_forest_hills,biomesoplenty:woodland,biomesoplenty:lavender_fields,biomesoplenty:kelp_forest,minecraft:roofed_forest</biomeIds>
			</planet>
			<planet name="Sol-71: 2" DIMID="74">
				<isKnown>false</isKnown>
				<fogColor>1.0,1.0,1.0</fogColor>
				<skyColor>0.0,0.6112069,1.0</skyColor>
				<gravitationalMultiplier>52</gravitationalMultiplier>
				<orbitalDistance>177</orbitalDistance>
				<orbitalPhi>1</orbitalPhi>
				<rotationalPeriod>161206</rotationalPeriod>
				<atmosphereDensity>24</atmosphereDensity>
				<seaLevel>74</seaLevel>
				<biomeIds>advancedrocketry:moon,advancedrocketry:moondark</biomeIds>
				<oceanBlock>advancedrocketry:oxygenfluid</oceanBlock>
			</planet>
		</planet>
		<planet name="Sol-61" DIMID="61">
			<isKnown>false</isKnown>
			<fogColor>1.0,1.0,1.0</fogColor>
			<skyColor>0.8,0.896641,0.0</skyColor>
			<gravitationalMultiplier>92</gravitationalMultiplier>
			<orbitalDistance>70</orbitalDistance>
			<orbitalPhi>0</orbitalPhi>
			<rotationalPeriod>30821</rotationalPeriod>
			<atmosphereDensity>181</atmosphereDensity>
			<biomeIds>advancedrocketry:hotdryrock</biomeIds>
			<oceanBlock>minecraft:lava</oceanBlock>
		</planet>
		<planet name="Sol-62" DIMID="62">
			<isKnown>false</isKnown>
			<fogColor>1.0,1.0,1.0</fogColor>
			<skyColor>0.8,0.9653791,0.47031248</skyColor>
			<gravitationalMultiplier>130</gravitationalMultiplier>
			<orbitalDistance>78</orbitalDistance>
			<orbitalPhi>-11</orbitalPhi>
			<rotationalPeriod>10923</rotationalPeriod>
			<atmosphereDensity>106</atmosphereDensity>
			<biomeIds>biomesoplenty:wasteland,minecraft:jungle_hills,erebus:petrified_forest,minecraft:mutated_redwood_taiga,biomesoplenty:kelp_forest</biomeIds>
			<planet name="Sol-62: 1" DIMID="64">
				<isKnown>false</isKnown>
				<fogColor>1.0,1.0,1.0</fogColor>
				<skyColor>0.00595206,0.9906683,1.0</skyColor>
				<gravitationalMultiplier>60</gravitationalMultiplier>
				<orbitalDistance>163</orbitalDistance>
				<orbitalPhi>-8</orbitalPhi>
				<rotationalPeriod>111111</rotationalPeriod>
				<atmosphereDensity>16</atmosphereDensity>
				<biomeIds>advancedrocketry:moon,advancedrocketry:moondark</biomeIds>
			</planet>
			<planet name="Sol-62: 0" DIMID="63">
				<isKnown>false</isKnown>
				<fogColor>1.0,1.0,1.0</fogColor>
				<skyColor>0.0,0.992586,1.0</skyColor>
				<gravitationalMultiplier>50</gravitationalMultiplier>
				<orbitalDistance>199</orbitalDistance>
				<orbitalPhi>0</orbitalPhi>
				<rotationalPeriod>192000</rotationalPeriod>
				<atmosphereDensity>23</atmosphereDensity>
				<biomeIds>advancedrocketry:moon,advancedrocketry:moondark</biomeIds>
			</planet>
			<oceanBlock>minecraft:lava</oceanBlock>
		</planet>
	</star>
	<star name="Alykitt" temp="120" x="75" y="200" size="1.0" numPlanets="0" numGasGiants="0">
		<planet name="Sol-80" DIMID="80">
			<isKnown>false</isKnown>
			<fogColor>1.0,1.0,1.0</fogColor>
			<skyColor>0.8,0.7240419,0.0</skyColor>
			<gravitationalMultiplier>122</gravitationalMultiplier>
			<orbitalDistance>59</orbitalDistance>
			<orbitalPhi>-2</orbitalPhi>
			<rotationalPeriod>13216</rotationalPeriod>
			<atmosphereDensity>200</atmosphereDensity>
			<biomeIds>advancedrocketry:hotdryrock</biomeIds>
			<planet name="Sol-80: 0" DIMID="81">
				<isKnown>false</isKnown>
				<fogColor>1.0,1.0,1.0</fogColor>
				<skyColor>0.5366845,0.6366144,1.0</skyColor>
				<gravitationalMultiplier>43</gravitationalMultiplier>
				<orbitalDistance>114</orbitalDistance>
				<orbitalPhi>3</orbitalPhi>
				<rotationalPeriod>301860</rotationalPeriod>
				<atmosphereDensity>34</atmosphereDensity>
				<biomeIds>minecraft:ice_flats</biomeIds>
			</planet>
			<planet name="Sol-80: 1" DIMID="82">
				<isKnown>false</isKnown>
				<fogColor>1.0,1.0,1.0</fogColor>
				<skyColor>0.05622387,0.5804355,1.0</skyColor>
				<gravitationalMultiplier>80</gravitationalMultiplier>
				<orbitalDistance>182</orbitalDistance>
				<orbitalPhi>0</orbitalPhi>
				<rotationalPeriod>46875</rotationalPeriod>
				<atmosphereDensity>34</atmosphereDensity>
				<biomeIds>biomesoplenty:fungi_forest,traverse:forested_hills,twilightforest:twilight_lake,minecraft:mutated_redwood_taiga_hills,minecraft:mesa_rock</biomeIds>
			</planet>
			<oceanBlock>minecraft:lava</oceanBlock>
		</planet>
		<planet name="Sol-83" DIMID="83">
			<isKnown>false</isKnown>
			<fogColor>1.0,1.0,1.0</fogColor>
			<skyColor>0.8,0.53348553,0.83773196</skyColor>
			<gravitationalMultiplier>130</gravitationalMultiplier>
			<orbitalDistance>90</orbitalDistance>
			<orbitalPhi>0</orbitalPhi>
			<rotationalPeriod>10923</rotationalPeriod>
			<atmosphereDensity>78</atmosphereDensity>
			<biomeIds>biomesoplenty:steppe,twilightforest:firefly_forest,minecraft:mutated_mesa_clear_rock,traverse:canyon,twilightforest:dark_forest</biomeIds>
			<planet name="Sol-83: 0" DIMID="84">
				<isKnown>false</isKnown>
				<fogColor>1.0,1.0,1.0</fogColor>
				<skyColor>0.0,0.8226528,1.0</skyColor>
				<gravitationalMultiplier>55</gravitationalMultiplier>
				<orbitalDistance>171</orbitalDistance>
				<orbitalPhi>-8</orbitalPhi>
				<rotationalPeriod>144252</rotationalPeriod>
				<atmosphereDensity>16</atmosphereDensity>
				<biomeIds>advancedrocketry:moon,advancedrocketry:moondark</biomeIds>
			</planet>
			<planet name="Sol-83: 1" DIMID="85">
				<isKnown>false</isKnown>
				<fogColor>1.0,1.0,1.0</fogColor>
				<skyColor>0.36540896,0.68447363,1.0</skyColor>
				<gravitationalMultiplier>79</gravitationalMultiplier>
				<orbitalDistance>137</orbitalDistance>
				<orbitalPhi>-8</orbitalPhi>
				<rotationalPeriod>48677</rotationalPeriod>
				<atmosphereDensity>33</atmosphereDensity>
				<biomeIds>twilightforest:highlands_center,biomesoplenty:mountain_foothills,minecraft:mutated_redwood_taiga,minecraft:mutated_birch_forest,biomesoplenty:overgrown_cliffs</biomeIds>
			</planet>
			<planet name="Sol-83: 2" DIMID="86">
				<isKnown>false</isKnown>
				<fogColor>1.0,1.0,1.0</fogColor>
				<skyColor>0.1803382,0.9250036,1.0</skyColor>
				<gravitationalMultiplier>66</gravitationalMultiplier>
				<orbitalDistance>138</orbitalDistance>
				<orbitalPhi>-1</orbitalPhi>
				<rotationalPeriod>83479</rotationalPeriod>
				<atmosphereDensity>22</atmosphereDensity>
				<biomeIds>advancedrocketry:moon,advancedrocketry:moondark</biomeIds>
			</planet>
		</planet>
		<planet name="Sol-87" DIMID="87">
			<isKnown>false</isKnown>
			<fogColor>1.0,1.0,1.0</fogColor>
			<skyColor>0.0912379,0.84826744,1.0</skyColor>
			<gravitationalMultiplier>112</gravitationalMultiplier>
			<orbitalDistance>191</orbitalDistance>
			<orbitalPhi>-4</orbitalPhi>
			<rotationalPeriod>17082</rotationalPeriod>
			<atmosphereDensity>47</atmosphereDensity>
			<biomeIds>biomesoplenty:kelp_forest,minecraft:mushroom_island_shore,minecraft:roofed_forest,biomesoplenty:mountain_foothills,biomesoplenty:highland</biomeIds>
			<planet name="Sol-87: 0" DIMID="88">
				<isKnown>false</isKnown>
				<fogColor>1.0,1.0,1.0</fogColor>
				<skyColor>0.060154915,0.67405146,1.0</skyColor>
				<gravitationalMultiplier>42</gravitationalMultiplier>
				<orbitalDistance>171</orbitalDistance>
				<orbitalPhi>-4</orbitalPhi>
				<rotationalPeriod>323939</rotationalPeriod>
				<atmosphereDensity>27</atmosphereDensity>
				<biomeIds>biomesoplenty:lavender_fields,traverse:canyon,minecraft:desert,biomesoplenty:wetland,biomesoplenty:undergarden</biomeIds>
			</planet>
			<planet name="Sol-87: 1" DIMID="89">
				<isKnown>false</isKnown>
				<fogColor>1.0,1.0,1.0</fogColor>
				<skyColor>0.10123038,0.86452293,1.0</skyColor>
				<gravitationalMultiplier>54</gravitationalMultiplier>
				<orbitalDistance>154</orbitalDistance>
				<orbitalPhi>4</orbitalPhi>
				<rotationalPeriod>152415</rotationalPeriod>
				<atmosphereDensity>27</atmosphereDensity>
				<biomeIds>traverse:lush_hills,traverse:birch_forested_hills,biomesoplenty:fungi_forest,biomesoplenty:undergarden,thebetweenlands:patchy_islands</biomeIds>
			</planet>
			<planet name="Sol-87: 2" DIMID="90">
				<isKnown>false</isKnown>
				<fogColor>1.0,1.0,1.0</fogColor>
				<skyColor>0.0,0.9186458,1.0</skyColor>
				<gravitationalMultiplier>52</gravitationalMultiplier>
				<orbitalDistance>184</orbitalDistance>
				<orbitalPhi>-6</orbitalPhi>
				<rotationalPeriod>170687</rotationalPeriod>
				<atmosphereDensity>32</atmosphereDensity>
				<seaLevel>78</seaLevel>
				<biomeIds>biomesoplenty:origin_beach,minecraft:mutated_redwood_taiga,biomesoplenty:grassland,minecraft:mutated_plains,erebus:ulterior_outback</biomeIds>
			</planet>
		</planet>
		<planet name="Sol-75" DIMID="75">
			<isKnown>false</isKnown>
			<GasGiant>true</GasGiant>
			<gas>nitrogen</gas>
			<gas>hydrogen</gas>
			<gas>oxygen</gas>
			<fogColor>1.0,1.0,1.0</fogColor>
			<skyColor>1.0,1.0,1.0</skyColor>
			<gravitationalMultiplier>104</gravitationalMultiplier>
			<orbitalDistance>195</orbitalDistance>
			<orbitalPhi>0</orbitalPhi>
			<rotationalPeriod>24000</rotationalPeriod>
			<atmosphereDensity>108</atmosphereDensity>
			<planet name="Sol-75: 0" DIMID="76">
				<isKnown>false</isKnown>
				<fogColor>1.0,1.0,1.0</fogColor>
				<skyColor>0.006678343,0.77363014,1.0</skyColor>
				<gravitationalMultiplier>55</gravitationalMultiplier>
				<orbitalDistance>160</orbitalDistance>
				<orbitalPhi>-3</orbitalPhi>
				<rotationalPeriod>144252</rotationalPeriod>
				<atmosphereDensity>19</atmosphereDensity>
				<biomeIds>advancedrocketry:moon,advancedrocketry:moondark</biomeIds>
			</planet>
			<planet name="Sol-75: 1" DIMID="77">
				<isKnown>false</isKnown>
				<fogColor>1.0,1.0,1.0</fogColor>
				<skyColor>0.0672887,0.55370307,1.0</skyColor>
				<gravitationalMultiplier>52</gravitationalMultiplier>
				<orbitalDistance>165</orbitalDistance>
				<orbitalPhi>0</orbitalPhi>
				<rotationalPeriod>161206</rotationalPeriod>
				<atmosphereDensity>28</atmosphereDensity>
				<biomeIds>minecraft:mutated_extreme_hills_with_trees,twilightforest:twilight_swamp,biomesoplenty:origin_island,biomesoplenty:phantasmagoric_inferno,biomesoplenty:mangrove</biomeIds>
			</planet>
			<planet name="Sol-75: 2" DIMID="78">
				<isKnown>false</isKnown>
				<fogColor>1.0,1.0,1.0</fogColor>
				<skyColor>0.090479255,0.67117846,1.0</skyColor>
				<gravitationalMultiplier>33</gravitationalMultiplier>
				<orbitalDistance>151</orbitalDistance>
				<orbitalPhi>0</orbitalPhi>
				<rotationalPeriod>667835</rotationalPeriod>
				<atmosphereDensity>18</atmosphereDensity>
				<biomeIds>advancedrocketry:moon,advancedrocketry:moondark</biomeIds>
			</planet>
			<planet name="Sol-75: 3" DIMID="79">
				<isKnown>false</isKnown>
				<fogColor>1.0,1.0,1.0</fogColor>
				<skyColor>0.0,0.67495644,1.0</skyColor>
				<gravitationalMultiplier>50</gravitationalMultiplier>
				<orbitalDistance>163</orbitalDistance>
				<orbitalPhi>-7</orbitalPhi>
				<rotationalPeriod>192000</rotationalPeriod>
				<atmosphereDensity>21</atmosphereDensity>
				<biomeIds>advancedrocketry:moon,advancedrocketry:moondark</biomeIds>
			</planet>
		</planet>
	</star>
</galaxy>