{"stat.chestOpened":1,"stat.mineBlock.minecraft.wooden_pressure_plate":2,"stat.walkOneCm":35347,"stat.pickup.immersiveengineering.seed":1,"stat.pickup.rustic.tomato_seeds":1,"stat.pickup.minecraft.stick":47,"stat.craftItem.pickletweaks.flint_pickaxe":1,"stat.pickup.minecraft.gravel":39,"stat.mineBlock.minecraft.fence":2,"stat.leaveGame":1,"stat.pickup.minecraft.wooden_pressure_plate":2,"stat.craftItem.pickletweaks.flint_axe":1,"stat.craftItem.minecraft.flint":13,"stat.mineBlock.minecraft.log":1,"stat.mineBlock.minecraft.jungle_stairs":5,"stat.pickup.minecraft.planks":1,"stat.pickup.biomesoplenty.plant_1":3,"stat.pickup.minecraft.jungle_stairs":3,"stat.pickup.minecraft.log":1,"stat.flyOneCm":335,"stat.craftItem.pickletweaks.flint_shovel":1,"stat.mineBlock.minecraft.planks":1,"stat.pickup.minecraft.wheat_seeds":4,"stat.jump":3,"stat.mineBlock.minecraft.leaves":10,"stat.swimOneCm":809,"stat.useItem.pickletweaks.flint_paxel":13,"stat.pickup.minecraft.fence":2,"stat.playOneMinute":6062,"stat.fallOneCm":747,"stat.mineBlock.dynamictrees.leaves0":29,"stat.climbOneCm":100,"stat.mineBlock.minecraft.gravel":39,"stat.pickup.rustic.chili_pepper_seeds":2,"stat.timeSinceDeath":6062,"stat.pickup.minecraft.sapling":1,"stat.pickup.minecraft.yellow_flower":3,"stat.pickup.minecraft.dirt":2,"stat.sprintOneCm":11194,"stat.mineBlock.minecraft.dirt":1,"stat.craftItem.pickletweaks.flint_paxel":1,"stat.mineBlock.minecraft.tallgrass":5,"stat.pickup.dynamictrees.jungleseed":3,"stat.craftingTableInteraction":1}