{"stat.walkOneCm":44901,"stat.useItem.minecraft.potato":11,"stat.pickup.minecraft.stick":5,"stat.leaveGame":2,"stat.pickup.minecraft.wooden_pressure_plate":1,"stat.jump":19,"stat.swimOneCm":149,"stat.pickup.minecraft.fence":1,"stat.fallOneCm":3294,"stat.pickup.minecraft.carrot":18,"stat.crouchOneCm":118,"stat.sprintOneCm":27429,"stat.useItem.biomesoplenty.plant_1":6,"stat.craftingTableInteraction":1,"stat.mineBlock.minecraft.wooden_pressure_plate":1,"stat.mineBlock.minecraft.fence":1,"stat.damageTaken":230,"stat.mineBlock.minecraft.crafting_table":1,"stat.useItem.minecraft.carrot":3,"stat.mineBlock.biomesoplenty.double_plant":1,"stat.mineBlock.biomesoplenty.plant_1":4,"stat.mineBlock.biomesoplenty.plant_0":1,"stat.pickup.biomesoplenty.plant_1":11,"stat.pickup.minecraft.reeds":21,"stat.flyOneCm":4938,"stat.pickup.minecraft.wheat_seeds":1,"stat.pickup.minecraft.potato":28,"stat.playOneMinute":8045,"stat.sneakTime":7,"stat.pickup.rustic.chili_pepper_seeds":1,"stat.damageDealt":10,"stat.timeSinceDeath":8045,"stat.diveOneCm":1324}