{"stat.pickup.dynamictrees.acaciaseed":20,"stat.mineBlock.minecraft.acacia_stairs":6,"stat.leaveGame":11,"stat.drop.dynamictrees.acaciaseed":5,"stat.useItem.minecraft.log2":2,"stat.craftItem.pickletweaks.flint_axe":1,"stat.mineBlock.minecraft.acacia_fence":2,"stat.mineBlock.horsepower.chopping_block":1,"stat.swimOneCm":9348,"stat.useItem.minecraft.planks":138,"stat.pickup.steamworld.ore_steaite":72,"stat.pickup.rustic.ironwoodseed":1,"stat.craftItem.horsepower.hand_grindstone":1,"stat.useItem.minecraft.dirt":35,"stat.useItem.minecraft.stone_slab2":23,"stat.craftItem.minecraft.furnace":2,"stat.drop.theoneprobe.probenote":1,"stat.pickup.steamworld.dust":64,"stat.mineBlock.biomesoplenty.double_plant":1,"stat.pickup.minecraft.cobblestone":62,"stat.mineBlock.geolosys.ore_vanilla":32,"stat.mineBlock.minecraft.clay":12,"stat.flyOneCm":156788,"stat.mineBlock.quark.custom_chest":2,"stat.mineBlock.dynamictrees.acaciabranch":24,"stat.craftItem.minecraft.wooden_slab":6,"stat.killEntity.Villager":3,"stat.mineBlock.dynamictrees.darkoakbranch":9,"stat.timeSinceDeath":133547,"stat.craftItem.minecraft.acacia_door":3,"stat.useItem.minecraft.wooden_slab":2,"stat.drop.rustic.chili_pepper_seeds":1,"stat.useItem.dynamictrees.darkoakseed":3,"stat.pickup.minecraft.double_plant":1,"stat.mineBlock.biomesoplenty.dirt":5,"stat.pickup.dynamictrees.darkoakseed":11,"stat.furnaceInteraction":31,"stat.mineBlock.minecraft.dark_oak_stairs":5,"stat.craftItem.minecraft.acacia_stairs":8,"stat.drop.minecraft.beetroot_seeds":1,"stat.mineBlock.forestry.logs.5":8,"stat.killEntity.ZombieVillager":1,"stat.useItem.minecraft.acacia_stairs":8,"stat.mineBlock.minecraft.coal_ore":4,"stat.pickup.rustic.planks":21,"stat.pickup.minecraft.furnace":1,"stat.craftItem.minecraft.stone_slab2":0,"stat.craftItem.tconstruct.stone_stick":2,"stat.sprintOneCm":206099,"stat.craftItem.pickletweaks.flint_paxel":10,"stat.pickup.minecraft.skull":2,"stat.mineBlock.biomesoplenty.grass":10,"stat.pickup.minecraft.acacia_door":1,"stat.craftItem.minecraft.stone":13,"stat.useItem.minecraft.wheat_seeds":1,"stat.mineBlock.minecraft.crafting_table":1,"stat.pickup.minecraft.acacia_stairs":6,"stat.useItem.minecraft.diamond_pickaxe":5,"stat.craftItem.steamworld.ingot_steaite":55,"stat.useItem.minecraft.carrot":12,"stat.pickup.dynamictrees.oakseed":2,"stat.pickup.forestry.logs.5":8,"stat.mineBlock.minecraft.planks":19,"stat.drop":9,"stat.pickup.horsepower.chopping_block":1,"stat.pickup.magneticraft.crafting":1,"stat.useItem.pickletweaks.flint_paxel":592,"stat.playOneMinute":133547,"stat.killEntity.Zombie":9,"stat.mineBlock.forestry.leaves.default.2":3,"stat.drop.minecraft.torch":1,"stat.killEntity.exoticbirds.magpie":1,"stat.pickup.exoticbirds.owl_egg":2,"stat.mineBlock.minecraft.tallgrass":52,"stat.diveOneCm":16629,"stat.pickup.minecraft.wheat":6,"stat.chestOpened":14,"stat.mineBlock.minecraft.dark_oak_fence":2,"stat.useItem.minecraft.stone":13,"stat.pickup.minecraft.gravel":171,"stat.pickup.minecraft.wooden_pressure_plate":5,"stat.craftItem.minecraft.flint":47,"stat.mineBlock.rustic.ironwoodbranch":1,"stat.mineBlock.steamworld.ore_steaite":72,"stat.jump":166,"stat.pickup.minecraft.coal":36,"stat.fallOneCm":4082,"stat.pickup.minecraft.carrot":12,"stat.pickup.exoticbirds.swan_egg":2,"stat.craftItem.minecraft.bread":2,"stat.crouchOneCm":2957,"stat.craftItem.minecraft.chest":2,"stat.craftItem.minecraft.torch":24,"stat.pickup.minecraft.dirt":105,"stat.useItem.minecraft.cooked_chicken":2,"stat.craftingTableInteraction":36,"stat.mineBlock.minecraft.wooden_pressure_plate":4,"stat.pickup.rustic.log":17,"stat.useItem.minecraft.sapling":2,"stat.useItem.dynamictrees.acaciaseed":12,"stat.pickup.rustic.tomato_seeds":1,"stat.pickup.quark.custom_chest":2,"stat.mineBlock.minecraft.glass_pane":4,"stat.mineBlock.minecraft.log2":38,"stat.damageTaken":420,"stat.mineBlock.minecraft.torch":2,"stat.mineBlock.minecraft.furnace":1,"stat.pickup.minecraft.dark_oak_fence":2,"stat.mineBlock.dynamictrees.birchbranch":6,"stat.useItem.minecraft.acacia_door":3,"stat.pickup.minecraft.log2":155,"stat.mineBlock.biomesoplenty.plant_0":46,"stat.pickup.mysticalagriculture.crafting":3,"stat.pickup.minecraft.planks":200,"stat.pickup.minecraft.reeds":2,"stat.pickup.minecraft.wheat_seeds":9,"stat.pickup.minecraft.acacia_fence":4,"stat.mineBlock.minecraft.gravel":173,"stat.damageDealt":2817,"stat.useItem.biomesoplenty.berries":9,"stat.mineBlock.minecraft.dirt":108,"stat.useItem.minecraft.crafting_table":1,"stat.craftItem.horsepower.chopping_block":2,"stat.useItem.steamworld.ore_steaite":3,"stat.craftItem.pickletweaks.flint_sword":1,"stat.walkOneCm":452478,"stat.mineBlock.biomesoplenty.leaves_3":8,"stat.useItem.minecraft.torch":11,"stat.pickup.immersiveengineering.seed":3,"stat.useItem.minecraft.bread":2,"stat.useItem.quark.custom_chest":2,"stat.useItem.minecraft.chest":1,"stat.pickup.dynamictrees.birchseed":2,"stat.pickup.minecraft.stick":190,"stat.craftItem.pickletweaks.flint_pickaxe":1,"stat.craftItem.quark.custom_chest":2,"stat.pickup.minecraft.clay_ball":48,"stat.craftItem.minecraft.crafting_table":2,"stat.pickup.minecraft.log":15,"stat.mineBlock.dynamictrees.leaves1":19,"stat.pickup.minecraft.stone":21,"stat.pickup.minecraft.chicken":2,"stat.pickup.minecraft.sapling":6,"stat.useItem.pickletweaks.flint_sword":69,"stat.killEntity.Skeleton":1,"stat.pickup.biomesoplenty.berries":13,"stat.pickup.minecraft.dark_oak_stairs":5,"stat.mobKills":16,"stat.useItem.minecraft.wooden_pressure_plate":1,"stat.pickup.minecraft.book":21,"stat.mineBlock.minecraft.log":4,"stat.mineBlock.minecraft.bookshelf":7,"stat.craftItem.minecraft.cooked_chicken":2,"stat.craftItem.pickletweaks.flint_shovel":1,"stat.mineBlock.minecraft.leaves":40,"stat.pickup.minecraft.beetroot_seeds":3,"stat.pickup.biomesoplenty.dirt":24,"stat.pickup.minecraft.torch":2,"stat.useItem.minecraft.beetroot_seeds":2,"stat.sneakTime":1136,"stat.pickup.rustic.chili_pepper_seeds":5,"stat.pickup.contenttweaker.sub_block_holder_0":1,"stat.craftItem.prospectors.prospector_lowest":1,"stat.pickup.rustic.ironberries":6,"stat.mineBlock.minecraft.stone":83}